Játékos;Szezon;Csapat;G;Min;PTS;FG made;FG att.;FG%;3P made;3P att.;3P%;EFG%;FT made;FT att.;FT%;TS%;ORB;DRB;TRB;AST;TOV;STL;BLK;PF;GmSc;USG%;PTS Prod;ORTG;DRTG
EILINGSFELD János;2024-25;Atomerőmű SE;12;419;178;65;118;0.551;17;48;0.354;0.623;31;35;0.886;0.590;37;54;91;15;17;13;1;21;161;16.8;168;133;110
BENKE Szilárd;2024-25;Atomerőmű SE;12;405;137;48;149;0.322;13;78;0.167;0.366;28;42;0.667;0.359;5;37;42;29;23;15;4;35;62;22.0;135;89;110
Eric LOCKETT;2024-25;Atomerőmű SE;12;390;216;77;145;0.531;24;46;0.522;0.614;38;49;0.776;0.557;18;55;73;46;27;19;4;37;182;23.3;211;127;107
Wendell MITCHELL;2022-23;Körmend;13;373;217;75;161;0.466;35;81;0.432;0.575;32;38;0.842;0.537;4;35;39;51;24;18;1;32;163;26.2;209;118;117
D'Mitrik TRICE;2022-23;ZTE;12;357;185;57;143;0.399;23;70;0.329;0.479;48;57;0.842;0.498;3;20;23;55;17;2;0;23;127;24.4;188;117;128
Quincy FORD;2022-23;Alba Fehérvár;11;355;97;33;79;0.418;19;41;0.463;0.538;12;17;0.706;0.507;17;57;74;16;9;20;16;21;107;12.9;92;116;102
Yasiin JOSEPH;2022-23;Sopron;11;350;212;70;136;0.515;26;61;0.426;0.610;46;55;0.836;0.571;7;39;46;71;25;17;0;20;192;25.7;216;130;117
Raymond COWELS;2022-23;Falco KC;11;349;127;48;115;0.417;22;72;0.306;0.513;9;15;0.600;0.451;13;28;41;19;19;14;0;34;76;19.7;118;104;105
Siyani CHAMBERS;2023-24;Alba Fehérvár;10;338;153;45;112;0.402;28;65;0.431;0.527;35;47;0.745;0.478;3;46;49;78;27;14;0;23;136;21.8;178;119;112
Danilo OSTOJIĆ;2022-23;ZTE;12;336;154;57;103;0.553;3;14;0.214;0.568;37;56;0.661;0.523;23;57;80;20;19;10;3;36;123;20.5;151;119;121
PERL Zoltán;2022-23;Falco KC;11;336;221;79;136;0.581;13;31;0.419;0.629;50;53;0.943;0.604;6;46;52;45;23;9;8;23;188;26.6;206;135;103
KJ JACKSON;2024-25;Sopron;10;329;223;78;171;0.456;19;52;0.365;0.512;48;64;0.750;0.481;6;48;54;46;32;13;1;25;151;32.3;214;110;114
VOJVODA Dávid;2022-23;Alba Fehérvár;11;328;189;63;138;0.457;13;55;0.236;0.504;50;61;0.820;0.501;3;23;26;36;23;5;0;23;120;27.6;180;115;113
Marques TOWNES;2022-23;Kecskemét;10;325;185;75;141;0.532;17;44;0.386;0.592;18;29;0.621;0.497;11;42;53;58;32;20;1;14;156;28.0;185;112;115
LUKÁCS Norbert;2023-24;Szolnok;11;323;131;50;87;0.575;16;41;0.390;0.667;15;24;0.625;0.602;13;36;49;14;11;12;5;25;111;15.5;108;125;115
Jabril DURHAM;2022-23;Szolnok;11;318;151;55;123;0.447;24;65;0.369;0.545;17;22;0.773;0.458;10;21;31;69;32;20;0;24;125;25.0;166;110;107
KELLER Ákos;2022-23;Falco KC;11;315;112;46;76;0.605;9;21;0.429;0.664;11;16;0.688;0.553;14;59;73;23;18;9;10;25;107;15.7;100;119;102
Đorđe DRENOVAC;2022-23;DEAC;9;314;193;75;143;0.524;10;30;0.333;0.559;33;40;0.825;0.561;19;60;79;14;11;17;2;13;163;26.9;165;122;108
VOJVODA Dávid;2024-25;Alba Fehérvár;9;313;197;72;147;0.490;19;59;0.322;0.554;34;45;0.756;0.532;6;14;20;33;18;5;1;21;129;27.4;189;119;136
PONGÓ Marcell;2022-23;Alba Fehérvár;11;313;145;50;115;0.435;21;62;0.339;0.526;24;30;0.800;0.475;8;41;49;53;24;17;2;30;120;23.4;152;113;105
VOJVODA Dávid;2023-24;Alba Fehérvár;10;313;246;81;140;0.579;36;75;0.480;0.707;48;49;0.980;0.668;5;14;19;36;22;7;0;18;191;27.0;208;140;117
Lester MEDFORD;2024-25;Alba Fehérvár;9;312;174;62;145;0.428;23;76;0.303;0.507;27;30;0.900;0.462;5;20;25;51;30;12;2;36;110;27.9;186;110;133
Bojan SUBOTIĆ;2022-23;Szolnok;11;311;167;52;117;0.444;14;54;0.259;0.504;49;60;0.817;0.539;12;68;80;22;11;14;1;23;140;24.0;152;120;104
Quenton DECOSEY;2022-23;Alba Fehérvár;11;311;102;39;91;0.429;9;29;0.310;0.478;15;23;0.652;0.442;11;28;39;17;14;10;4;21;69;17.8;97;102;109
KELLER Iván;2022-23;ZTE;12;310;67;26;59;0.441;10;33;0.303;0.525;5;12;0.417;0.476;6;36;42;13;6;10;1;35;48;10.6;61;106;123
Demajeo WIGGINS;2023-24;Szolnok;11;309;152;55;91;0.604;0;2;0.000;0.604;42;79;0.532;0.485;26;59;85;21;30;7;3;30;113;23.4;146;107;115
Isaiah PHILMORE;2022-23;Alba Fehérvár;11;308;153;65;96;0.677;8;21;0.381;0.719;15;25;0.600;0.636;20;37;57;19;13;4;2;27;128;18.8;134;134;111
Petar RAKIĆEVIĆ;2022-23;ZTE;12;306;161;61;134;0.455;13;53;0.245;0.504;26;29;0.897;0.485;21;47;68;33;19;9;1;20;125;25.4;165;115;122
Siyani CHAMBERS;2022-23;Körmend;10;306;143;46;112;0.411;14;46;0.304;0.473;37;53;0.698;0.445;3;25;28;58;25;7;0;21;100;25.4;164;108;116
Đorđe DRENOVAC;2023-24;DEAC;9;306;142;52;118;0.441;10;40;0.250;0.483;28;38;0.737;0.461;5;23;28;18;19;7;2;15;83;24.9;129;101;117
Jay Jay CHANDLER;2024-25;Atomerőmű SE;12;304;214;58;142;0.408;18;66;0.273;0.472;80;98;0.816;0.495;4;35;39;29;30;22;1;38;142;33.2;202;114;104
FILIPOVITY Márkó;2024-25;Alba Fehérvár;9;303;151;47;111;0.423;29;75;0.387;0.554;28;33;0.848;0.560;12;48;60;4;9;8;1;12;111;20.6;130;120;131
WITTMANN Krisztián;2022-23;Kecskemét;10;302;101;38;92;0.413;15;52;0.288;0.495;10;12;0.833;0.449;1;23;24;48;15;8;1;24;76;18.2;109;108;121
Isaiah BIGELOW;2024-25;ZTE;11;299;142;45;128;0.352;17;53;0.321;0.418;35;48;0.729;0.434;18;58;76;8;14;5;0;31;79;26.5;130;99;111
Strahinja JOVANOVIĆ;2023-24;Szolnok;11;299;173;51;102;0.500;19;40;0.475;0.593;52;64;0.813;0.509;3;26;29;65;39;17;0;27;140;26.2;181;116;114
Jordan BARNETT;2023-24;Alba Fehérvár;10;298;162;62;111;0.559;18;47;0.383;0.640;20;23;0.870;0.612;20;32;52;12;11;9;15;26;138;20.4;141;133;111
Trey MCGOWENS;2024-25;ZTE;11;297;183;59;133;0.444;11;40;0.275;0.485;54;62;0.871;0.474;3;26;29;38;32;19;1;24;125;31.4;177;107;112
De'Quon LAKE;2024-25;Atomerőmű SE;12;291;97;41;59;0.695;0;1;0.000;0.695;15;23;0.652;0.635;31;59;90;3;7;8;8;35;103;12.3;94;142;105
Isaiah PHILMORE;2023-24;Alba Fehérvár;10;288;121;36;73;0.493;9;27;0.333;0.555;40;47;0.851;0.570;17;40;57;22;12;5;2;25;105;16.9;122;133;114
Tyler THOMAS;2024-25;Alba Fehérvár;9;287;137;52;103;0.505;16;34;0.471;0.583;17;18;0.944;0.539;9;37;46;21;16;15;2;26;107;20.5;129;119;129
FERENCZ Csaba;2022-23;Körmend;13;287;102;37;75;0.493;19;49;0.388;0.620;9;10;0.900;0.564;1;20;21;10;11;4;2;30;60;15.2;79;110;121
Matt TIBY;2022-23;Falco KC;11;286;124;46;92;0.500;11;38;0.289;0.560;21;25;0.840;0.533;21;41;62;15;13;5;2;22;99;19.8;118;122;105
Fardaws AIMAQ;2024-25;Szolnok;10;285;156;68;111;0.613;2;3;0.667;0.622;18;29;0.621;0.534;40;64;104;9;22;3;8;23;132;23.4;145;119;109
Eric ADAMS;2022-23;Körmend;13;285;105;37;81;0.457;13;35;0.371;0.537;18;26;0.692;0.454;10;54;64;11;23;12;4;38;67;19.6;97;96;112
Mitchell SMITH;2022-23;ZTE;11;285;152;48;98;0.490;8;21;0.381;0.531;48;62;0.774;0.536;28;41;69;11;16;13;1;39;119;23.4;147;123;120
J.D. PAIGE;2023-24;ZTE;11;284;119;42;102;0.412;14;53;0.264;0.480;21;31;0.677;0.461;2;41;43;21;13;12;0;25;78;21.9;109;104;119
Rastko DRAMIĆANIN;2022-23;Kecskemét;10;283;122;45;89;0.506;16;41;0.390;0.596;16;17;0.941;0.600;13;36;49;17;5;1;4;19;100;17.6;107;130;121
OMENAKA Godwin;2022-23;Körmend;13;283;134;58;86;0.674;0;0;;0.674;18;34;0.529;0.566;29;60;89;7;17;6;13;28;121;20.2;125;120;113
SOMOGYI Ádám;2024-25;Szolnok;10;281;141;49;111;0.441;15;46;0.326;0.509;28;34;0.824;0.469;10;32;42;59;24;11;1;21;118;24.5;160;119;111
Darrin GOVENS;2022-23;DEAC;9;281;99;37;93;0.398;12;41;0.293;0.462;13;16;0.813;0.399;6;27;33;60;24;16;3;23;87;21.7;114;100;111
Liam O'REILLY;2022-23;ZTE;10;281;186;62;128;0.484;30;61;0.492;0.602;32;40;0.800;0.541;10;16;26;38;26;12;0;31;130;28.4;178;121;124
Dustin THOMAS;2023-24;Szolnok;11;281;122;41;99;0.414;8;29;0.276;0.455;32;42;0.762;0.452;11;34;45;30;17;12;4;34;88;22.1;127;110;113
Stefan POT;2022-23;Falco KC;10;280;128;44;93;0.473;17;41;0.415;0.565;23;27;0.852;0.507;11;36;47;52;21;10;0;31;110;22.0;143;125;104
KELLER Iván;2024-25;ZTE;11;278;71;25;59;0.424;7;25;0.280;0.483;14;17;0.824;0.457;14;39;53;18;11;11;1;17;67;13.5;73;107;111
Strahinja JOVANOVIĆ;2024-25;Szolnok;10;277;159;46;100;0.460;19;48;0.396;0.555;48;58;0.828;0.533;3;18;21;56;23;11;0;25;128;24.7;167;128;114
Cortez EDWARDS;2024-25;Sopron;10;277;76;27;75;0.360;10;35;0.286;0.427;12;14;0.857;0.395;8;25;33;31;15;17;3;14;67;15.9;83;99;111
Daylen KOUNTZ;2024-25;Körmend;8;277;158;54;112;0.482;9;23;0.391;0.522;41;44;0.932;0.514;6;28;34;31;22;7;5;17;116;26.3;154;113;123
LUKÁCS Norbert;2022-23;Szolnok;11;277;86;30;67;0.448;9;28;0.321;0.515;17;19;0.895;0.541;8;24;32;13;4;6;0;16;68;13.8;79;121;112
Isaiah MUCIUS;2024-25;Sopron;10;275;144;50;97;0.515;18;45;0.400;0.608;26;34;0.765;0.566;7;32;39;13;15;5;2;18;101;21.2;122;121;117
Aaron JONES;2024-25;ZTE;11;273;101;41;83;0.494;12;33;0.364;0.566;7;12;0.583;0.524;15;45;60;21;8;16;4;26;96;17.1;98;117;107
Bojan SUBOTIĆ;2024-25;Szolnok;10;272;129;41;89;0.461;12;40;0.300;0.528;35;48;0.729;0.535;13;47;60;15;10;7;2;26;100;20.3;120;123;110
Maliek WHITE;2022-23;Sopron;10;271;127;45;119;0.378;18;57;0.316;0.454;19;32;0.594;0.406;9;32;41;48;23;9;3;18;87;27.9;143;103;117
Jordan BARNETT;2022-23;Sopron;8;270;114;38;92;0.413;7;33;0.212;0.451;31;34;0.912;0.470;24;37;61;14;14;9;6;16;94;21.6;117;113;116
Kemal KARAHODŽIĆ;2022-23;Kecskemét;10;270;135;56;97;0.577;0;7;0.000;0.577;23;34;0.676;0.534;34;65;99;24;14;6;5;20;133;22.9;140;124;114
VÁRADI Benedek;2024-25;Falco KC;10;268;117;45;107;0.421;22;60;0.367;0.523;5;7;0.714;0.467;6;29;35;54;15;11;0;23;97;22.0;128;119;115
Andre WILLIAMSON;2023-24;DEAC;9;268;74;25;65;0.385;5;22;0.227;0.423;19;23;0.826;0.434;11;49;60;12;10;6;4;14;61;15.8;74;101;112
James EADS;2023-24;Szolnok;11;268;126;42;85;0.494;15;44;0.341;0.582;27;33;0.818;0.574;5;12;17;22;10;7;3;36;88;18.9;112;125;118
Tristan IKPE;2023-24;ZTE;11;267;112;44;79;0.557;6;17;0.353;0.595;18;29;0.621;0.509;23;27;50;8;18;15;2;28;87;19.8;104;111;117
James DICKEY;2023-24;Alba Fehérvár;10;266;123;46;78;0.590;1;5;0.200;0.596;30;50;0.600;0.528;24;66;90;9;16;14;13;28;118;20.1;118;119;102
Ray ONA EMBO;2023-24;ZTE;11;262;119;37;108;0.343;15;57;0.263;0.412;30;36;0.833;0.437;6;21;27;14;12;11;0;23;66;25.0;108;100;123
SOMOGYI Ádám;2022-23;Alba Fehérvár;11;258;113;36;103;0.350;11;44;0.250;0.403;30;38;0.789;0.418;9;31;40;35;15;20;1;24;88;25.2;120;104;101
Tony HICKS;2023-24;ZTE;10;257;89;32;93;0.344;11;39;0.282;0.403;14;20;0.700;0.362;2;38;40;40;21;9;0;21;55;23.0;99;91;116
PERL Zoltán;2024-25;Falco KC;10;256;152;53;113;0.469;6;24;0.250;0.496;40;42;0.952;0.517;7;27;34;42;15;6;3;18;122;27.0;151;125;116
LUKÁCS Norbert;2024-25;Szolnok;10;255;107;36;66;0.545;21;38;0.553;0.705;14;18;0.778;0.652;13;30;43;16;8;8;3;21;97;14.7;93;143;111
Justin EDWARDS;2022-23;Körmend;13;251;79;29;72;0.403;6;28;0.214;0.444;15;24;0.625;0.400;12;31;43;26;16;11;2;32;56;19.0;91;99;115
Deon EDWIN;2023-24;DEAC;9;245;112;36;74;0.486;9;21;0.429;0.547;31;36;0.861;0.462;13;18;31;32;31;10;5;22;83;24.5;120;106;113
Marjan ČAKARUN;2022-23;Körmend;13;244;98;38;77;0.494;1;5;0.200;0.500;21;31;0.677;0.471;9;33;42;22;13;6;2;37;67;20.6;97;107;116
Ibrahim DURMO;2023-24;NKA Pécs;8;244;104;32;70;0.457;13;26;0.500;0.550;27;45;0.600;0.476;16;38;54;20;19;11;2;20;83;20.7;100;107;104
Jimmy GAVIN;2022-23;Szolnok;10;241;109;33;87;0.379;19;55;0.345;0.489;24;28;0.857;0.467;1;8;9;20;17;2;1;24;53;23.1;98;102;115
Matt TIBY;2023-24;Falco KC;10;240;110;33;58;0.569;10;18;0.556;0.655;34;40;0.850;0.618;13;45;58;14;13;5;2;20;98;17.4;99;137;94
Boris BARAĆ;2022-23;Falco KC;11;238;106;36;70;0.514;2;11;0.182;0.529;32;42;0.762;0.474;16;29;45;28;23;3;2;29;77;23.0;112;112;106
PONGÓ Marcell;2024-25;Falco KC;10;235;105;30;68;0.441;19;48;0.396;0.581;26;32;0.813;0.518;8;30;38;51;19;10;0;29;97;20.3;119;129;113
BENKE Szilárd;2023-24;Falco KC;10;235;116;43;84;0.512;18;49;0.367;0.619;12;22;0.545;0.553;9;25;34;21;11;9;2;22;90;20.9;104;124;95
PONGÓ Máté;2022-23;Szolnok;11;233;64;22;61;0.361;12;39;0.308;0.459;8;14;0.571;0.384;9;20;29;37;16;4;1;26;44;17.2;78;101;112
MOLNÁR Márton;2022-23;Sopron;10;233;119;55;77;0.714;0;1;0.000;0.714;9;12;0.750;0.705;24;41;65;14;2;8;6;31;123;17.6;104;153;117
Nikola POPOVIĆ;2024-25;Falco KC;10;232;114;49;73;0.671;3;7;0.429;0.692;13;21;0.619;0.597;30;39;69;21;13;4;1;18;111;19.4;111;133;116
Fahrudin MANJGAFIĆ;2023-24;NKA Pécs;8;230;96;30;88;0.341;10;37;0.270;0.398;26;31;0.839;0.390;11;32;43;11;21;9;2;20;51;24.7;89;89;106
FERENCZ Csaba;2024-25;Körmend;8;229;63;21;48;0.438;14;35;0.400;0.583;7;10;0.700;0.504;3;17;20;12;10;10;2;19;46;12.9;55;104;122
SITKU Márton;2022-23;Sopron;11;228;58;20;47;0.426;7;25;0.280;0.500;11;13;0.846;0.477;10;40;50;13;8;5;4;15;54;12.9;58;111;114
KOVÁCS Benedek;2022-23;Falco KC;11;227;65;23;52;0.442;11;32;0.344;0.548;8;8;1.000;0.503;7;23;30;7;9;4;2;30;39;13.9;55;110;106
MESZLÉNYI Róbert;2024-25;Sopron;10;225;41;16;41;0.390;6;29;0.207;0.463;3;5;0.600;0.392;6;24;30;24;9;16;0;27;42;10.6;49;102;111
BOGNÁR Kristóf;2024-25;Falco KC;10;224;79;32;67;0.478;4;15;0.267;0.507;11;13;0.846;0.489;24;38;62;20;8;5;4;20;78;17.0;90;125;112
MÓCSÁN Bálint;2023-24;DEAC;8;222;97;30;81;0.370;13;42;0.310;0.451;24;33;0.727;0.434;2;24;26;16;16;8;1;16;55;24.9;88;95;115
Rytis PIPIRAS;2024-25;Körmend;8;221;98;36;89;0.404;21;56;0.375;0.522;5;5;1.000;0.504;11;34;45;18;6;7;1;18;75;20.8;93;112;121
KELLER Iván;2023-24;ZTE;11;221;62;24;58;0.414;6;28;0.214;0.466;8;10;0.800;0.446;7;23;30;11;7;5;0;18;41;15.1;60;104;125
Kyan ANDERSON;2024-25;DEAC;8;219;116;40;84;0.476;21;44;0.477;0.601;15;17;0.882;0.519;3;21;24;29;20;7;0;21;80;23.3;109;114;111
DURÁZI Krisztofer;2022-23;Körmend;13;219;104;40;59;0.678;9;21;0.429;0.754;15;26;0.577;0.669;4;30;34;17;7;6;5;27;90;17.1;86;135;115
Stefan POT;2023-24;Falco KC;10;219;129;39;76;0.513;14;30;0.467;0.605;37;43;0.860;0.559;10;40;50;50;20;5;0;27;117;24.7;144;136;92
TÓTH Ádám;2023-24;ZTE;11;219;92;36;74;0.486;2;4;0.500;0.500;18;28;0.643;0.486;20;17;37;11;8;3;3;29;63;20.8;90;112;128
Danilo OSTOJIĆ;2024-25;DEAC;8;218;92;33;57;0.579;2;10;0.200;0.596;24;29;0.828;0.541;14;46;60;20;15;1;3;17;82;17.8;93;123;108
Đorđe DRENOVAC;2024-25;DEAC;8;218;114;43;102;0.422;5;28;0.179;0.446;23;30;0.767;0.440;10;19;29;9;14;4;0;11;62;27.2;100;97;113
PERL Zoltán;2023-24;Falco KC;10;217;204;72;111;0.649;14;29;0.483;0.712;46;51;0.902;0.694;11;21;32;35;13;9;2;10;185;31.7;180;152;95
TAKÁCS Martin;2024-25;ZTE;11;215;45;15;47;0.319;3;12;0.250;0.351;12;18;0.667;0.346;15;17;32;23;10;10;0;22;39;14.7;59;96;113
Jalen HENRY;2023-24;Bp. Honvéd;8;210;108;40;81;0.494;12;25;0.480;0.568;16;27;0.593;0.509;14;37;51;7;13;2;8;23;74;23.3;86;105;106
KELLER Ákos;2023-24;Falco KC;10;210;66;24;45;0.533;6;15;0.400;0.600;12;24;0.500;0.525;15;37;52;14;7;5;9;23;66;14.0;67;124;88
KELLER Ákos;2024-25;Falco KC;10;209;85;30;53;0.566;5;17;0.294;0.613;20;33;0.606;0.575;19;41;60;7;6;4;5;24;77;16.6;78;129;111
TAKÁCS Milán;2024-25;ZTE;11;208;60;23;47;0.489;5;18;0.278;0.543;9;14;0.643;0.489;3;13;16;14;8;4;0;22;37;14.3;55;106;117
Isiah BROWN;2023-24;Bp. Honvéd;8;207;123;40;95;0.421;10;26;0.385;0.474;33;36;0.917;0.480;5;18;23;27;17;3;0;23;76;28.5;117;109;110
Brandon GARRETT;2024-25;Sopron;10;204;91;34;70;0.486;0;11;0.000;0.486;23;35;0.657;0.470;16;30;46;14;11;6;1;31;64;21.7;92;110;114
Nemanja NIKOLIĆ;2023-24;NKA Pécs;8;204;88;28;59;0.475;8;29;0.276;0.542;24;31;0.774;0.459;5;32;37;27;23;4;1;18;62;21.7;90;105;108
Dayon GRIFFIN;2023-24;Sopron;7;203;104;36;81;0.444;15;42;0.357;0.537;17;24;0.708;0.457;1;24;25;17;22;6;3;18;58;25.9;89;95;120
Billy GARRETT;2024-25;ZTE;7;200;92;30;71;0.423;8;34;0.235;0.479;24;29;0.828;0.451;3;16;19;24;18;5;0;13;58;24.2;92;105;114
David NICHOLS;2023-24;Sopron;7;200;99;35;85;0.412;11;39;0.282;0.476;18;22;0.818;0.409;5;20;25;49;26;8;0;22;69;27.9;114;103;120
POLYÁK László;2022-23;DEAC;9;199;62;20;55;0.364;6;29;0.207;0.418;16;22;0.727;0.425;5;21;26;12;8;5;1;14;39;18.0;56;95;115
RÉVÉSZ Ádám;2022-23;Szolnok;11;199;95;41;69;0.594;1;11;0.091;0.601;12;20;0.600;0.572;16;33;49;24;5;3;3;27;87;20.1;95;131;107
Andre WESSON;2023-24;Bp. Honvéd;8;197;88;29;91;0.319;17;48;0.354;0.412;13;16;0.813;0.403;5;29;34;10;11;6;5;27;42;25.5;73;86;104
PALLAI Tamás;2024-25;Szolnok;10;194;100;34;66;0.515;20;45;0.444;0.667;12;15;0.800;0.627;3;9;12;13;7;8;2;26;72;18.8;78;132;114
Andre WILLIAMSON;2022-23;Szolnok;8;194;99;41;76;0.539;1;8;0.125;0.546;16;25;0.640;0.499;14;36;50;13;12;6;3;20;76;24.6;92;112;109
DURÁZI Krisztofer;2024-25;Körmend;7;193;110;36;71;0.507;9;25;0.360;0.570;29;43;0.674;0.554;6;18;24;7;9;5;0;16;73;24.2;93;115;126
Tadija TADIĆ;2023-24;DEAC;9;193;94;28;66;0.424;14;31;0.452;0.530;24;30;0.800;0.477;4;25;29;25;19;11;1;26;67;25.3;95;108;112
Kahlil DUKES;2024-25;Atomerőmű SE;8;192;85;35;61;0.574;10;18;0.556;0.656;5;8;0.625;0.496;2;9;11;31;21;6;0;17;59;20.8;88;111;116
Marvin CLARK;2024-25;Falco KC;9;191;92;35;67;0.522;16;39;0.410;0.642;6;7;0.857;0.604;0;13;13;11;6;3;0;28;56;18.8;72;129;122
MOLNÁR Márton;2024-25;Sopron;10;190;83;41;76;0.539;0;4;0.000;0.539;1;2;0.500;0.478;20;28;48;5;10;0;2;27;52;20.9;77;107;115
Ilija ĐOKOVIĆ;2023-24;Bp. Honvéd;8;190;76;24;76;0.316;12;54;0.222;0.395;16;20;0.800;0.358;3;16;19;37;21;8;0;20;43;25.7;84;90;108
PONGÓ Máté;2023-24;Szolnok;11;188;84;29;56;0.518;18;32;0.563;0.679;8;11;0.727;0.600;3;25;28;33;9;8;1;22;79;17.2;79;130;114
L.G. GILL;2023-24;Sopron;7;188;79;34;64;0.531;6;16;0.375;0.578;5;9;0.556;0.526;14;24;38;3;7;1;2;10;57;18.5;66;112;122
PONGÓ Marcell;2023-24;Falco KC;10;188;78;27;65;0.415;18;43;0.419;0.554;6;13;0.462;0.449;8;33;41;36;16;12;0;25;67;21.7;87;113;87
POLSTER Attila;2022-23;ZTE;12;187;22;8;30;0.267;6;23;0.261;0.367;0;0;;0.333;5;6;11;2;3;3;0;23;2;8.3;21;79;129
NÉMETH Ákos;2023-24;ZTE;11;186;58;22;52;0.423;2;16;0.125;0.442;12;13;0.923;0.427;6;18;24;16;10;7;0;12;43;17.6;56;98;125
Jordan WALKER;2023-24;NKA Pécs;8;184;95;32;77;0.416;11;36;0.306;0.487;20;28;0.714;0.454;4;15;19;24;15;10;1;20;63;26.3;91;105;107
TÓTH Ádám;2024-25;ZTE;10;181;82;37;61;0.607;1;5;0.200;0.615;7;12;0.583;0.498;15;13;28;3;16;6;0;30;47;21.9;66;100;116
Anthony DURHAM;2023-24;Szolnok;11;179;77;27;69;0.391;12;37;0.324;0.478;11;14;0.786;0.441;8;20;28;18;12;7;3;24;50;22.5;72;100;114
KOVÁCS Ákos;2024-25;DEAC;8;176;81;34;60;0.567;0;6;0.000;0.567;13;23;0.565;0.510;10;25;35;4;9;9;7;21;62;20.6;70;109;103
Trey DIGGS;2024-25;Falco KC;10;176;97;34;71;0.479;26;56;0.464;0.662;3;4;0.750;0.657;6;15;21;8;1;6;0;18;73;19.7;73;139;116
Danilo OSTOJIĆ;2023-24;ZTE;8;175;84;31;58;0.534;2;7;0.286;0.552;20;25;0.800;0.530;20;35;55;12;10;5;2;11;79;22.2;85;121;114
KRIVACSEVICS Markó;2024-25;Alba Fehérvár;9;172;60;27;37;0.730;0;0;;0.730;6;15;0.400;0.591;28;26;54;7;7;6;5;26;66;13.6;67;136;127
PONGÓ Máté;2024-25;DEAC;8;172;72;27;50;0.540;14;27;0.519;0.680;4;4;1.000;0.516;7;24;31;37;18;9;0;13;72;18.5;80;120;107
KOVÁCS Péter;2023-24;NKA Pécs;8;170;55;22;57;0.386;9;29;0.310;0.465;2;3;0.667;0.380;2;10;12;11;14;7;0;21;20;19.7;49;83;108
Lovro BULJEVIĆ;2023-24;DEAC;9;170;40;11;32;0.344;1;5;0.200;0.359;17;26;0.654;0.402;14;37;51;4;6;2;7;25;33;14.5;45;101;110
TAKÁCS Kristóf;2024-25;Sopron;9;169;73;26;59;0.441;3;12;0.250;0.466;18;28;0.643;0.447;15;26;41;19;10;6;1;21;58;22.0;80;111;115
Aleksa NOVAKOVIĆ;2024-25;Falco KC;10;168;65;25;50;0.500;10;25;0.400;0.600;5;6;0.833;0.527;6;17;23;8;9;3;1;21;41;17.2;54;112;114
TAKÁCS Norbert;2022-23;Sopron;8;168;55;19;37;0.514;17;34;0.500;0.743;0;0;;0.671;3;6;9;10;4;3;1;9;44;11.9;45;136;130
Jaka KLOBUČAR;2022-23;Kecskemét;6;167;58;20;54;0.370;7;34;0.206;0.435;11;13;0.846;0.409;4;23;27;26;11;11;0;11;51;20.9;66;102;113
SZALAY Domonkos;2023-24;ZTE;11;166;44;14;28;0.500;5;13;0.385;0.589;11;17;0.647;0.493;6;12;18;8;9;5;0;24;27;12.9;40;105;129
NÉMETH Ákos;2024-25;Alba Fehérvár;9;165;28;11;24;0.458;2;5;0.400;0.500;4;6;0.667;0.471;6;14;20;12;3;4;1;20;25;8.3;32;118;133
NEUWIRTH Bence;2023-24;DEAC;9;165;46;16;35;0.457;14;28;0.500;0.657;0;0;;0.561;1;10;11;3;6;8;0;26;25;12.3;37;111;114
SCHERER Bálint;2023-24;NKA Pécs;8;165;52;19;39;0.487;12;28;0.429;0.641;2;4;0.500;0.607;4;14;18;6;2;3;1;21;36;12.0;39;123;109
Auston BARNES;2022-23;Szolnok;7;163;53;19;41;0.463;3;10;0.300;0.500;12;13;0.923;0.554;12;18;30;4;1;3;0;16;44;14.2;49;126;114
FILIPOVICS Stefan;2023-24;Bp. Honvéd;8;163;63;24;50;0.480;1;4;0.250;0.490;14;22;0.636;0.457;13;21;34;8;9;4;2;29;40;19.5;59;103;107
PALLAI Tamás;2023-24;Szolnok;11;163;65;22;42;0.524;18;31;0.581;0.738;3;3;1.000;0.717;4;19;23;14;2;3;2;22;56;12.8;49;141;117
Arsenije VUČKOVIĆ;2024-25;Körmend;7;162;75;27;63;0.429;2;9;0.222;0.444;19;31;0.613;0.441;12;30;42;4;8;2;3;16;47;25.0;70;98;118
TÓTH Barna;2022-23;Kecskemét;10;159;46;16;45;0.356;7;26;0.269;0.433;7;8;0.875;0.455;4;9;13;8;2;1;0;20;23;15.6;42;103;125
KRNJAJSZKI Borisz;2024-25;Szolnok;10;158;53;22;39;0.564;9;17;0.529;0.679;0;5;0.000;0.599;3;9;12;21;3;1;1;23;42;12.8;52;136;117
Antonio JORDANO;2023-24;Falco KC;9;158;66;21;56;0.375;18;47;0.383;0.536;6;9;0.667;0.515;4;8;12;5;4;5;0;18;37;19.2;50;106;96
DOKTOR Péter;2024-25;Körmend;8;157;42;16;40;0.400;6;18;0.333;0.475;4;6;0.667;0.370;4;8;12;24;14;10;0;24;28;17.1;48;89;121
RUDNER Gábor;2022-23;Szolnok;9;157;53;17;39;0.436;14;33;0.424;0.615;5;6;0.833;0.533;5;10;15;6;8;4;0;21;30;15.2;44;108;114
KERPEL-FRONIUS Gáspár;2023-24;NKA Pécs;8;157;52;20;33;0.606;5;9;0.556;0.682;7;14;0.500;0.517;7;15;22;23;11;13;1;14;57;14.8;54;117;101
KISS Mátyás;2024-25;Körmend;8;156;26;7;34;0.206;6;27;0.222;0.294;6;13;0.462;0.272;1;13;14;16;8;9;0;21;11;14.5;30;70;122
MOLNÁR Márton;2023-24;Sopron;7;153;59;24;40;0.600;0;0;;0.600;11;14;0.786;0.575;20;25;45;11;5;3;6;17;64;15.5;61;135;118
BAZSÓ Brúnó;2023-24;Bp. Honvéd;8;153;23;6;20;0.300;2;11;0.182;0.350;9;11;0.818;0.443;1;21;22;8;1;5;0;18;20;7.8;23;109;104
IVKOVICS Milán;2022-23;Kecskemét;8;152;41;14;48;0.292;10;38;0.263;0.396;3;3;1.000;0.384;4;20;24;5;4;5;1;16;21;17.1;34;82;118
TÓTH Ádám;2022-23;DEAC;8;150;60;26;53;0.491;1;3;0.333;0.500;7;12;0.583;0.439;18;12;30;11;10;5;1;20;43;22.2;60;103;113
Cheikh Mbacke DIONG;2022-23;Alba Fehérvár;10;146;80;35;41;0.854;0;0;;0.854;10;22;0.455;0.646;18;23;41;4;11;2;5;17;71;20.2;63;127;106
KOVÁCS Benedek;2023-24;Falco KC;10;146;39;13;30;0.433;7;17;0.412;0.550;6;8;0.750;0.533;7;16;23;4;3;4;0;18;29;11.8;34;118;91
Marko RADOVANOVIĆ;2024-25;Szolnok;10;144;61;22;41;0.537;2;9;0.222;0.561;15;19;0.789;0.530;5;31;36;6;8;5;9;33;47;18.3;53;117;103
TANOH DEZ András;2023-24;Falco KC;10;144;49;15;32;0.469;6;15;0.400;0.563;13;19;0.684;0.494;2;10;12;12;9;7;2;19;35;16.1;45;109;92
CSENDES Péter;2023-24;Sopron;7;143;30;10;32;0.313;6;23;0.261;0.406;4;4;1.000;0.397;2;13;15;8;4;4;0;12;18;12.2;28;94;122
KUCSERA Dániel;2022-23;Kecskemét;5;142;45;17;38;0.447;10;26;0.385;0.579;1;3;0.333;0.485;3;10;13;11;7;7;1;17;31;16.1;39;101;117
NÉMETH Ákos;2022-23;ZTE;12;141;32;12;25;0.480;0;2;0.000;0.480;8;17;0.471;0.367;7;21;28;7;11;4;1;21;17;14.5;32;85;122
ZSÍROS Péter;2022-23;ZTE;12;141;34;13;40;0.325;8;31;0.258;0.425;0;0;;0.395;5;10;15;2;3;2;0;11;14;14.3;27;81;127
Isaiah PHILMORE;2024-25;Alba Fehérvár;4;139;42;15;29;0.517;3;11;0.273;0.569;9;10;0.900;0.545;7;16;23;10;5;3;0;10;38;13.4;45;129;139
TAKÁCS Kristóf;2022-23;Körmend;13;139;32;11;18;0.611;1;5;0.200;0.639;9;13;0.692;0.502;3;6;9;7;8;6;1;24;20;11.1;30;106;117
HAJDU Péter;2023-24;Bp. Honvéd;8;139;27;10;26;0.385;7;22;0.318;0.519;0;0;;0.450;4;12;16;3;4;6;1;30;12;9.9;15;73;109
SZALAY Domonkos;2024-25;ZTE;9;136;32;10;28;0.357;4;13;0.308;0.429;8;10;0.800;0.427;0;10;10;10;5;4;0;23;15;13.4;32;98;121
SUPOLA Zoltán;2022-23;Sopron;10;135;39;14;43;0.326;7;25;0.280;0.407;4;4;1.000;0.362;3;20;23;10;9;5;0;13;20;19.3;36;80;113
Anthony ROBERTS;2023-24;Alba Fehérvár;6;135;88;31;63;0.492;7;17;0.412;0.548;19;23;0.826;0.534;0;10;10;10;9;4;3;17;55;28.6;77;115;117
CSÁTALJAY Péter;2023-24;ZTE;11;135;24;10;29;0.345;4;13;0.308;0.414;0;2;0.000;0.344;4;9;13;10;5;3;0;22;9;12.4;24;81;126
GARAMVÖLGYI Ákos;2023-24;DEAC;8;134;25;9;28;0.321;4;16;0.250;0.393;3;4;0.750;0.393;8;14;22;0;2;3;1;9;17;11.8;22;85;116
MÓCSÁN Bálint;2022-23;DEAC;5;133;48;15;49;0.306;8;23;0.348;0.388;10;11;0.909;0.394;2;15;17;18;7;4;1;13;30;23.6;51;93;119
SIMON Kristóf;2023-24;Bp. Honvéd;7;128;38;13;33;0.394;9;21;0.429;0.530;3;6;0.500;0.375;5;21;26;21;15;3;0;20;23;18.3;41;89;112
BALOGH Máté;2023-24;Alba Fehérvár;10;128;19;8;25;0.320;2;12;0.167;0.360;1;4;0.250;0.308;7;13;20;5;4;2;2;25;5;11.1;23;86;114
HALMAI Dániel;2024-25;Atomerőmű SE;12;127;26;8;18;0.444;3;7;0.429;0.528;7;10;0.700;0.377;3;13;16;15;12;7;0;34;13;12.6;31;98;106
Amadou SIDIBÉ;2023-24;Sopron;6;127;73;27;55;0.491;7;14;0.500;0.555;12;14;0.857;0.527;5;17;22;6;8;1;0;12;46;25.6;61;110;126
CSENDES Péter;2022-23;Sopron;7;124;44;16;34;0.471;12;27;0.444;0.647;0;0;;0.478;3;10;13;6;12;0;0;13;19;17.9;34;90;120
RÉVÉSZ Ádám;2024-25;Atomerőmű SE;8;123;35;14;22;0.636;3;7;0.429;0.705;4;5;0.800;0.598;8;15;23;5;5;3;0;15;30;10.9;33;133;106
Boris BARAĆ;2023-24;Falco KC;8;121;49;18;30;0.600;2;4;0.500;0.633;11;16;0.688;0.581;7;30;37;10;5;1;1;12;46;16.3;46;131;96
Shane HENRY;2023-24;NKA Pécs;8;120;57;23;41;0.561;0;1;0.000;0.561;11;15;0.733;0.573;21;27;48;5;2;5;6;18;62;19.2;55;135;96
MESZLÉNYI Róbert;2023-24;Sopron;7;118;11;3;23;0.130;1;17;0.059;0.152;4;8;0.500;0.192;2;12;14;10;2;7;0;16;5;11.2;16;68;119
KUCSERA Dániel;2024-25;Sopron;5;114;30;9;17;0.529;2;9;0.222;0.588;10;11;0.909;0.626;2;5;7;5;2;6;3;18;27;10.0;28;138;112
KISS Dávid;2022-23;Kecskemét;10;114;40;16;22;0.727;0;0;;0.727;8;10;0.800;0.635;8;19;27;1;5;0;6;25;31;13.5;31;127;119
KASS Balázs;2023-24;Alba Fehérvár;10;114;21;7;23;0.304;3;17;0.176;0.370;4;7;0.571;0.348;3;6;9;9;4;3;1;21;8;12.2;25;97;111
MÓCSÁN Bálint;2024-25;DEAC;5;113;48;15;44;0.341;11;31;0.355;0.466;7;7;1.000;0.443;1;8;9;12;7;5;0;9;29;22.2;46;102;113
Andre JONES;2022-23;Sopron;4;112;59;23;46;0.500;7;16;0.438;0.576;6;8;0.750;0.531;2;9;11;9;6;2;2;10;39;24.2;52;115;128
CSENDES Péter;2024-25;Sopron;9;110;37;14;32;0.438;9;23;0.391;0.578;0;0;;0.451;3;4;7;11;9;2;1;11;21;17.1;32;94;123
NEUWIRTH Bence;2022-23;DEAC;8;109;19;6;22;0.273;4;16;0.250;0.364;3;4;0.750;0.354;1;8;9;5;3;4;0;16;7;12.0;18;84;112
GARAMVÖLGYI Ákos;2022-23;DEAC;7;109;30;12;31;0.387;2;6;0.333;0.419;4;10;0.400;0.411;6;12;18;2;1;1;0;11;16;16.6;27;94;118
HŐGYE Patrik;2024-25;DEAC;7;106;34;14;31;0.452;4;10;0.400;0.516;2;4;0.500;0.427;6;10;16;9;7;6;1;18;23;17.0;33;99;108
KRIVACSEVICS Markó;2023-24;Falco KC;10;106;32;14;35;0.400;0;0;;0.400;4;11;0.364;0.334;15;21;36;7;8;1;2;25;16;21.2;40;94;89
RÉVÉSZ Ádám;2023-24;Szolnok;10;106;26;9;23;0.391;0;2;0.000;0.391;8;11;0.727;0.395;13;7;20;9;5;2;1;27;17;14.4;35;111;118
TAKÁCS Milán;2023-24;Alba Fehérvár;9;105;20;8;19;0.421;4;13;0.308;0.526;0;0;;0.476;7;7;14;12;2;4;0;22;19;9.2;28;136;108
RUDNER Gábor;2024-25;Szolnok;8;102;19;7;22;0.318;4;16;0.250;0.409;1;2;0.500;0.397;5;8;13;4;1;3;0;15;11;10.7;20;108;113
Juwan DURHAM;2022-23;Sopron;5;101;53;23;34;0.676;0;3;0.000;0.676;7;12;0.583;0.584;5;15;20;10;6;5;2;18;45;21.7;49;128;116
TAKÁCS Milán;2022-23;Alba Fehérvár;11;101;13;5;18;0.278;3;11;0.273;0.361;0;0;;0.325;5;5;10;5;2;5;0;17;7;9.5;12;78;109
RUDNER Gábor;2023-24;Szolnok;11;99;26;9;29;0.310;5;20;0.250;0.397;3;8;0.375;0.355;2;3;5;6;4;3;0;25;3;17.0;24;84;117
FAZEKAS Csaba;2023-24;Sopron;6;98;27;10;27;0.370;4;16;0.250;0.444;3;5;0.600;0.353;2;4;6;11;9;3;0;11;11;18.1;28;84;119
KISS Mátyás;2022-23;Körmend;11;97;38;14;21;0.667;10;17;0.588;0.905;0;0;;0.704;3;5;8;1;6;3;0;19;23;13.2;23;116;115
SÖVEGJÁRTÓ Ábel;2022-23;Falco KC;11;96;20;9;24;0.375;2;16;0.125;0.417;0;0;;0.385;3;5;8;5;2;1;0;22;4;13.2;20;97;107
KOVÁCS Ákos;2022-23;DEAC;6;94;20;7;19;0.368;1;6;0.167;0.395;5;9;0.556;0.357;6;9;15;4;5;2;0;9;11;14.6;20;84;116
DOKTOR Péter;2022-23;Körmend;10;94;28;10;20;0.500;3;11;0.273;0.575;5;7;0.714;0.480;2;6;8;15;6;5;0;13;25;15.2;34;117;125
GARAMVÖLGYI Ákos;2024-25;DEAC;8;93;22;8;26;0.308;4;15;0.267;0.385;2;2;1.000;0.345;8;15;23;10;5;4;0;5;21;15.7;29;97;105
KENÉZ Csaba;2022-23;DEAC;6;92;23;10;23;0.435;3;8;0.375;0.500;0;0;;0.442;4;7;11;12;3;3;0;16;18;13.5;24;109;109
FLASÁR Zalán;2024-25;Sopron;7;90;42;16;22;0.727;0;0;;0.727;10;15;0.667;0.661;11;13;24;3;3;2;1;19;37;15.7;40;147;121
DOROGI Gergő;2024-25;Atomerőmű SE;12;90;17;6;15;0.400;1;7;0.143;0.433;4;8;0.500;0.434;5;7;12;1;1;2;2;14;10;10.1;16;100;108
VALERIO-BODON Vincent;2022-23;Sopron;4;90;22;9;22;0.409;4;14;0.286;0.500;0;0;;0.423;0;8;8;7;4;0;2;4;13;14.1;21;98;131
CSIZMADIA Attila;2024-25;ZTE;8;89;14;6;11;0.545;2;5;0.400;0.636;0;2;0.000;0.470;4;18;22;1;3;2;1;4;15;8.2;13;98;117
SCHÖLL Richárd;2022-23;Sopron;6;89;22;11;20;0.550;0;1;0.000;0.550;0;3;0.000;0.492;4;9;13;7;1;0;1;11;17;12.2;22;114;122
Andre WILLIAMSON;2024-25;DEAC;3;88;36;14;28;0.500;3;13;0.231;0.554;5;10;0.500;0.554;8;13;21;2;0;1;0;8;29;18.1;35;126;117
SITKU Márton;2023-24;Sopron;7;81;33;10;23;0.435;5;15;0.333;0.543;8;10;0.800;0.524;5;11;16;2;4;3;3;12;25;18.0;26;108;114
FAZEKAS Máté;2024-25;Alba Fehérvár;6;79;27;12;23;0.522;1;6;0.167;0.543;2;5;0.400;0.478;5;10;15;3;3;5;0;11;21;16.2;26;108;126
CSUTI Kornél;2022-23;ZTE;11;79;32;13;20;0.650;0;1;0.000;0.650;6;8;0.750;0.625;2;3;5;1;2;1;1;21;17;15.2;18;112;127
Mike SCOTT;2022-23;DEAC;4;78;26;11;27;0.407;2;3;0.667;0.444;2;2;1.000;0.421;2;9;11;10;3;5;0;4;23;20.8;28;98;120
KISS Benedek;2024-25;Körmend;8;76;8;3;16;0.188;1;10;0.100;0.219;1;2;0.500;0.223;2;5;7;2;1;6;1;8;4;11.0;9;57;121
GÁSPÁR Mátyás;2022-23;DEAC;7;75;23;9;23;0.391;2;9;0.222;0.435;3;4;0.750;0.429;3;9;12;0;2;0;3;14;9;17.4;20;94;119
FAZEKAS Máté;2022-23;Kecskemét;10;74;29;11;25;0.440;5;14;0.357;0.540;2;2;1.000;0.520;3;3;6;3;2;1;1;7;18;18.5;24;109;123
KASS Balázs;2024-25;Alba Fehérvár;8;73;11;3;12;0.250;3;10;0.300;0.375;2;2;1.000;0.325;2;2;4;3;4;1;0;12;0;10.5;11;79;136
GÁSPÁR Mátyás;2024-25;Körmend;8;69;13;3;11;0.273;0;1;0.000;0.273;7;16;0.438;0.307;5;4;9;4;3;2;1;14;5;14.5;17;84;129
PERINGER Balázs;2023-24;Bp. Honvéd;6;69;13;6;15;0.400;0;0;;0.400;1;3;0.333;0.291;9;10;19;1;6;4;3;2;13;15.1;15;75;107
CZERMANN Patrik;2023-24;DEAC;5;68;18;9;17;0.529;0;0;;0.529;0;0;;0.450;6;7;13;1;3;0;0;13;9;14.8;19;103;123
REIZINGER Máté;2023-24;Bp. Honvéd;8;68;11;3;12;0.250;1;4;0.250;0.292;4;6;0.667;0.279;5;6;11;4;5;4;0;5;8;13.3;13;77;110
KOPÁCSI Ákos;2023-24;Bp. Honvéd;7;68;2;1;12;0.083;0;9;0.000;0.083;0;0;;0.053;5;5;10;3;7;3;0;11;-7;12.8;5;32;105
SZABÓ Zsolt;2022-23;Alba Fehérvár;7;66;16;5;12;0.417;0;2;0.000;0.417;6;6;1.000;0.479;5;10;15;3;2;3;1;8;17;12.0;18;119;103
KOVÁCS Benedek;2024-25;Falco KC;9;60;20;9;17;0.529;1;6;0.167;0.559;1;2;0.500;0.529;4;7;11;1;1;0;2;6;15;14.7;16;120;102
Rudi WILLIAMS;2024-25;Körmend;2;59;30;8;17;0.471;1;7;0.143;0.500;13;14;0.929;0.530;0;12;12;13;5;2;0;4;29;23.3;32;124;120
Anthony MATHIS;2023-24;Sopron;3;59;18;5;17;0.294;4;15;0.267;0.412;4;5;0.800;0.424;1;1;2;2;2;0;0;9;5;16.8;16;97;142
NEUWIRTH Bence;2024-25;DEAC;4;57;24;8;17;0.471;6;14;0.429;0.647;2;4;0.500;0.577;2;8;10;7;2;1;0;9;19;16.8;22;129;107
Jimmie TAYLOR;2022-23;DEAC;3;57;13;5;7;0.714;0;0;;0.714;3;6;0.500;0.556;2;4;6;0;2;2;1;7;9;11.0;11;112;125
FAZEKAS Csaba;2024-25;Sopron;7;55;25;9;17;0.529;7;11;0.636;0.735;0;2;0.000;0.698;3;1;4;2;0;1;0;2;20;15.1;17;135;126
KRIVACSEVICS Markó;2022-23;Falco KC;8;55;21;8;16;0.500;0;1;0.000;0.500;5;9;0.556;0.437;7;8;15;0;4;1;3;9;14;21.6;19;97;100
BALÁZSI Soma;2022-23;DEAC;4;52;15;6;10;0.600;2;6;0.333;0.700;1;1;1.000;0.602;3;3;6;1;2;0;0;3;11;11.6;9;107;119
VÁRSZEGI Ádám;2024-25;DEAC;4;49;15;6;14;0.429;3;10;0.300;0.536;0;0;;0.500;1;6;7;3;1;3;0;2;13;14.2;13;113;102
CSÁTALJAY Péter;2022-23;Sopron;5;49;11;2;10;0.200;2;8;0.250;0.300;5;6;0.833;0.374;1;4;5;0;2;0;0;8;1;14.6;10;81;123
SEBŐK András;2022-23;Szolnok;8;49;11;5;14;0.357;1;6;0.167;0.393;0;0;;0.324;4;5;9;2;3;2;0;9;4;16.5;9;68;107
HŐGYE Patrik;2023-24;DEAC;6;48;10;4;12;0.333;2;8;0.250;0.417;0;0;;0.417;4;4;8;3;0;2;0;9;8;12.3;8;93;114
CSUTI Kornél;2023-24;ZTE;9;42;14;6;16;0.375;1;6;0.167;0.406;1;2;0.500;0.391;4;4;8;0;1;1;1;4;8;20.4;-10;-164;132
CSÁTALJAY Péter;2024-25;ZTE;7;41;6;3;9;0.333;0;4;0.000;0.333;0;1;0.000;0.208;0;1;1;3;5;6;0;3;3;17.0;6;47;103
BOR Gábor;2023-24;NKA Pécs;6;38;18;7;10;0.700;0;3;0.000;0.700;4;5;0.800;0.735;0;7;7;5;0;1;0;5;18;14.8;17;164;101
GÉRINGER Gergő;2024-25;Atomerőmű SE;7;36;11;4;7;0.571;1;3;0.333;0.643;2;4;0.500;0.509;5;5;10;3;2;0;0;9;8;14.0;-322;241;103
SÁGODI Róbert;2022-23;DEAC;3;34;11;4;12;0.333;2;4;0.500;0.417;1;1;1.000;0.409;1;2;3;7;1;2;0;3;10;18.9;12;107;109
RÁTGÉBER Tamás;2023-24;NKA Pécs;3;30;4;0;7;0.000;0;3;0.000;0.000;4;4;1.000;0.204;0;2;2;6;1;3;0;5;4;15.5;7;84;82
HERGER Salamon;2023-24;NKA Pécs;2;30;6;3;6;0.500;0;0;;0.500;0;0;;0.500;1;1;2;1;0;1;1;5;4;9.5;6;114;127
GYIMES Áron;2023-24;ZTE;5;29;9;4;12;0.333;1;5;0.200;0.375;0;0;;0.321;0;1;1;0;2;1;0;1;1;23.0;5;52;141
GÁL Csongor;2024-25;DEAC;2;28;9;3;7;0.429;3;7;0.429;0.643;0;0;;0.643;0;3;3;1;0;1;0;4;6;11.1;7;129;103
CZERMANN Patrik;2024-25;DEAC;3;26;7;3;7;0.429;0;0;;0.429;1;2;0.500;0.443;2;3;5;0;0;0;0;9;2;13.5;7;108;106
FLASÁR Botond;2024-25;DEAC;4;26;17;6;9;0.667;2;3;0.667;0.778;3;4;0.750;0.616;0;3;3;1;3;0;1;3;11;23.0;10;106;111
KERTÉSZ Dávid;2024-25;Alba Fehérvár;5;25;5;2;6;0.333;1;2;0.500;0.417;0;0;;0.357;2;2;4;0;1;1;0;4;2;12.5;2;49;130
BALÁZSI Ákos;2024-25;DEAC;2;21;3;1;3;0.333;1;3;0.333;0.500;0;0;;0.375;0;1;1;3;1;0;0;4;1;8.8;5;107;108
GILSZKI Erik;2022-23;Szolnok;7;21;3;1;3;0.333;1;3;0.333;0.500;0;0;;0.500;0;0;0;0;0;0;0;3;0;6.8;0;28;111
SZALAY Domonkos;2022-23;ZTE;5;21;3;1;4;0.250;0;1;0.000;0.250;1;2;0.500;0.306;0;0;0;1;0;0;0;1;1;10.8;3;74;129
VÁRSZEGI Ádám;2023-24;DEAC;5;20;9;2;4;0.500;2;4;0.500;0.750;3;3;1.000;0.612;0;3;3;1;2;0;0;2;6;18.5;7;114;125
KOVÁCS Ákos;2024-25;Atomerőmű SE;2;19;6;2;7;0.286;2;5;0.400;0.429;0;0;;0.300;0;2;2;1;3;0;0;4;-1;24.8;5;59;109
BARTIK Zalán;2024-25;Körmend;2;19;3;1;5;0.200;1;5;0.200;0.300;0;0;;0.250;0;2;2;1;1;0;0;2;-1;14.3;3;60;131
ARABO Abraham;2022-23;Szolnok;4;19;6;3;5;0.600;0;0;;0.600;0;2;0.000;0.508;2;4;6;1;0;2;0;4;7;14.9;12;146;86
VINCZE Roland;2022-23;Szolnok;6;19;6;2;3;0.667;1;2;0.500;0.833;1;3;0.333;0.690;0;1;1;0;0;0;0;1;4;10.9;4;120;109
HERCZEG Kristóf;2022-23;Körmend;8;19;6;2;6;0.333;0;3;0.000;0.333;2;3;0.667;0.408;0;0;0;3;0;1;0;2;5;18.4;4;80;116
NAGY Péter;2024-25;Körmend;3;17;12;5;7;0.714;2;3;0.667;0.857;0;1;0.000;0.805;0;0;0;0;0;0;0;0;9;20.0;7;143;140
Zach BROWN;2022-23;Falco KC;1;17;7;2;6;0.333;1;4;0.250;0.417;2;2;1.000;0.393;1;1;2;3;2;1;0;3;5;25.4;8;106;93
VERASZTÓ Péter;2023-24;Falco KC;9;16;6;2;4;0.500;2;2;1.000;0.750;0;0;;0.750;0;0;0;2;0;1;0;2;6;11.8;5;164;93
FAZEKAS Máté;2023-24;Alba Fehérvár;3;16;6;3;6;0.500;0;1;0.000;0.500;0;0;;0.500;2;3;5;0;0;0;0;4;4;16.5;6;129;108
TAKÁCS Zsolt;2022-23;Falco KC;4;15;2;1;3;0.333;0;1;0.000;0.333;0;0;;0.333;0;5;5;0;0;1;0;1;2;9.8;2;77;84
SCHÖLL Richárd;2023-24;Sopron;4;15;0;0;3;0.000;0;0;;0.000;0;2;0.000;0.000;1;3;4;1;0;1;1;3;0;12.0;1;22;106
POLSTER Attila;2023-24;Sopron;4;15;0;0;4;0.000;0;4;0.000;0.000;0;0;;0.000;2;2;4;0;0;0;0;3;-2;12.1;1;31;120
TAKÁCS Martin;2023-24;Alba Fehérvár;5;14;2;1;2;0.500;0;0;;0.500;0;0;;0.333;0;1;1;1;1;1;0;0;2;9.7;2;82;103
SÖVEGJÁRTÓ Ábel;2024-25;Falco KC;6;12;3;1;3;0.333;1;2;0.500;0.500;0;0;;0.500;1;4;5;0;0;0;2;0;5;11.3;-1;-106;93
VERASZTÓ Péter;2024-25;Falco KC;7;12;3;1;5;0.200;1;2;0.500;0.300;0;0;;0.214;0;1;1;3;2;0;0;1;0;26.8;-3;-81;110
KUCSORA Csaba;2024-25;Atomerőmű SE;6;11;5;2;4;0.500;1;3;0.333;0.625;0;0;;0.625;0;1;1;0;0;0;0;4;2;17.1;3;114;112
SCHMERA Gergely;2024-25;Körmend;4;10;5;2;4;0.500;0;1;0.000;0.500;1;3;0.333;0.394;4;2;6;1;1;0;0;0;5;27.6;4;82;128
HORVÁTH Ákos;2024-25;Szolnok;6;10;1;0;6;0.000;0;5;0.000;0.000;1;2;0.500;0.063;0;2;2;2;1;0;0;2;-3;36.1;2;44;106
CZERMANN Patrik;2022-23;DEAC;2;10;4;2;4;0.500;0;0;;0.500;0;0;;0.500;1;3;4;1;0;0;0;1;4;18.8;3;111;104
ARNOLD Botond;2024-25;Atomerőmű SE;4;9;4;2;3;0.667;0;0;;0.667;0;0;;0.500;0;2;2;0;1;0;0;2;2;20.9;2;72;122
HORVÁTH Ádám;2022-23;Falco KC;3;9;0;0;1;0.000;0;1;0.000;0.000;0;0;;0.000;0;1;1;1;1;0;0;1;-1;10.9;1;33;100
FÁBIÁN Szabolcs;2022-23;DEAC;2;9;2;1;2;0.500;0;0;;0.500;0;0;;0.500;1;2;3;0;0;0;0;3;1;10.4;1;95;106
MAKKOS Dávid;2023-24;ZTE;3;9;5;2;2;1.000;1;1;1.000;1.250;0;0;;1.250;0;0;0;1;0;0;0;0;5;11.1;10;274;149
HEGEDÜS Brúnó;2023-24;DEAC;4;9;2;1;4;0.250;0;2;0.000;0.250;0;0;;0.250;0;0;0;0;0;0;0;1;-1;22.7;-1;-48;130
LADOS Erik;2023-24;NKA Pécs;3;8;0;0;2;0.000;0;0;;0.000;0;0;;0.000;0;0;0;0;1;0;0;1;-3;17.8;0;0;130
SZUGYICZKI Máté;2024-25;Szolnok;4;6;2;1;1;1.000;0;0;;1.000;0;0;;1.000;1;2;3;0;0;0;0;1;3;6.4;2;210;99
ARABO Abraham;2024-25;Szolnok;3;6;1;0;1;0.000;0;0;;0.000;1;2;0.500;0.172;2;2;4;0;1;1;0;1;2;18.5;2;72;85
SIMÓ Bence;2022-23;ZTE;2;6;5;2;4;0.500;0;0;;0.500;1;2;0.500;0.510;0;1;1;0;0;0;0;1;3;37.7;3;97;129
MELEG Gergő;2023-24;NKA Pécs;1;6;0;0;0;;0;0;;;0;0;;0.000;1;0;1;0;1;0;0;1;-1;7.8;1;56;120
SEBŐK András;2023-24;Szolnok;5;6;0;0;3;0.000;0;2;0.000;0.000;0;0;;0.000;0;0;0;1;0;0;0;0;-1;22.6;1;28;121
VÁMOS Ádám;2023-24;Bp. Honvéd;4;6;2;1;3;0.333;0;2;0.000;0.333;0;0;;0.333;0;0;0;0;0;0;0;0;0;23.1;0;9;105
KISS Benedek;2023-24;Alba Fehérvár;3;6;0;0;0;;0;0;;;0;0;;0.000;0;0;0;0;1;0;0;1;-1;7.5;0;0;117
KAZY Balázs;2023-24;NKA Pécs;2;6;3;1;2;0.500;1;1;1.000;0.750;0;0;;0.500;0;2;2;0;1;0;0;0;2;22.9;0;8;90
KELLER Bendegúz;2024-25;Sopron;3;5;2;1;1;1.000;0;0;;1.000;0;0;;1.000;0;1;1;1;0;0;0;0;3;8.1;2;205;115
HANSEN Dániel;2022-23;Falco KC;2;5;0;0;1;0.000;0;0;;0.000;0;0;;0.000;0;0;0;0;0;0;0;0;-1;9.9;0;0;108
TAKÁCS Martin;2022-23;Alba Fehérvár;2;5;0;0;1;0.000;0;0;;0.000;0;0;;0.000;0;1;1;2;0;0;0;0;1;8.9;1;112;97
BALSAY Ádám;2022-23;Alba Fehérvár;1;5;0;0;1;0.000;0;1;0.000;0.000;0;0;;0.000;0;0;0;1;0;0;0;1;0;8.7;1;67;107
KELLER Bendegúz;2022-23;Sopron;2;5;2;1;2;0.500;0;1;0.000;0.500;0;0;;0.500;0;1;1;0;0;0;0;0;1;19.9;9;173;125
HEGEDÜS Brúnó;2022-23;DEAC;1;5;2;1;2;0.500;0;0;;0.500;0;0;;0.500;1;2;3;1;0;0;0;0;3;18.9;2;131;97
ANGYAL Medárd;2023-24;NKA Pécs;1;5;2;1;1;1.000;0;0;;1.000;0;0;;1.000;0;0;0;0;0;0;0;0;2;9.0;1;200;123
HEGEDÜS Brúnó;2024-25;DEAC;1;4;2;1;1;1.000;0;0;;1.000;0;0;;0.500;0;0;0;0;1;0;0;1;0;22.5;1;73;109
BOTKA Botond;2022-23;Kecskemét;2;4;3;1;2;0.500;1;1;1.000;0.750;0;0;;0.500;0;0;0;0;1;0;0;1;1;34.9;-1;-56;134
GÓBI Marcell;2022-23;Alba Fehérvár;3;4;0;0;0;;0;0;;;0;0;;;0;0;0;0;0;0;0;2;-1;0.0;0;;106
GÓBI Marcell;2023-24;Alba Fehérvár;1;4;3;1;2;0.500;1;2;0.500;0.750;0;0;;0.750;0;0;0;0;0;0;0;1;2;22.7;2;155;116
KISS Dominik;2023-24;Szolnok;4;4;0;0;0;;0;0;;;0;0;;;0;1;1;0;0;0;0;1;0;0.0;0;;112
PERINGER Balázs;2024-25;Szolnok;3;3;0;0;0;;0;0;;;0;0;;;1;1;2;0;0;0;0;0;1;0.0;1;231;105
KOVÁCS Áron;2024-25;ZTE;4;3;2;1;1;1.000;0;0;;1.000;0;0;;1.000;1;0;1;0;0;0;0;0;2;15.1;5;202;132
SZILÁGYI Péter;2024-25;DEAC;1;3;0;0;1;0.000;0;1;0.000;0.000;0;0;;0.000;0;1;1;0;0;0;0;1;-1;13.5;0;0;104
TÓTH Patrik;2022-23;Kecskemét;2;3;0;0;0;;0;0;;;0;0;;;0;0;0;0;0;0;0;1;0;0.0;0;;134
LUKÁCSI Gábor;2023-24;NKA Pécs;1;3;0;0;2;0.000;0;1;0.000;0.000;0;0;;0.000;0;0;0;0;2;0;0;0;-3;59.7;0;0;123
KARDA Dominik;2023-24;Bp. Honvéd;1;3;0;0;0;;0;0;;;0;0;;;0;0;0;0;0;0;0;1;0;0.0;0;;113
KOVÁCS Áron;2024-25;Sopron;2;2;0;0;2;0.000;0;0;;0.000;0;0;;0.000;0;1;1;0;0;0;1;0;0;33.7;0;0;87
KÉKESI Kolos;2024-25;Atomerőmű SE;1;2;0;0;0;;0;0;;;0;0;;;0;0;0;2;0;0;0;0;1;0.0;1;232;108
VELKEY Géza;2022-23;Kecskemét;1;2;0;0;2;0.000;0;2;0.000;0.000;0;0;;0.000;0;0;0;0;0;0;0;0;-1;45.0;0;0;142
TÓTH Balázs;2022-23;Kecskemét;1;2;2;1;1;1.000;0;0;;1.000;0;0;;1.000;0;0;0;0;0;0;0;0;2;25.2;1;200;119
BALOGH Máté;2022-23;Körmend;2;2;0;0;0;;0;0;;;0;0;;;0;0;0;0;0;0;0;0;0;0.0;0;;132
TAKÁCS Erik;2022-23;Kecskemét;1;2;3;1;1;1.000;1;1;1.000;1.500;0;0;;1.500;0;0;0;0;0;0;0;2;2;24.1;-1;300;126
GERÖLY Márton;2022-23;Körmend;1;2;0;0;2;0.000;0;2;0.000;0.000;0;0;;0.000;0;0;0;0;0;0;0;0;-1;46.3;0;0;144
HIBJÁN Máté;2023-24;DEAC;1;2;0;0;1;0.000;0;1;0.000;0.000;0;0;;0.000;0;0;0;0;0;0;0;0;-1;26.1;0;0;137
OSZTOICS Milán;2024-25;Alba Fehérvár;1;1;0;0;0;;0;0;;;0;0;;;0;0;0;0;0;0;0;0;0;0.0;0;;139
PÁRKÁNYI Máté;2024-25;Alba Fehérvár;1;1;0;0;0;;0;0;;;0;0;;;0;1;1;0;0;0;0;0;0;0.0;0;;113
GADÁCSI Dávid;2022-23;Sopron;1;1;0;0;0;;0;0;;;0;0;;;0;0;0;0;0;0;0;0;0;0.0;0;;130
VINCZE Roland;2023-24;Szolnok;1;1;2;1;1;1.000;0;0;;1.000;0;0;;1.000;0;0;0;0;0;0;0;0;2;44.1;7;200;112