Játékos;Szezon;Csapat;G;Min;Min PG;GmSc;GmSc PG;GmSc 100;adj. GmSc;adj. GmSc PG;adj. GmSc 100;VAL;PER;USG%;% Team Poss;PTS Prod;Floor %;ORtg;DRtg;Net Rtg;OWS;DWS;WS;WS40;MVP Index;Gy;V;Gy%
Desi WASHINGTON;2022-23;Szedeák;35;1283;36.7;507;14.5;21.8;692;19.8;29.7;25.7;19.6;25.2;26.5;690;0.48;112;109;2.3;2.4;1.8;4.2;0.132;864;14;21;40.0
EILINGSFELD János;2024-25;Atomerőmű SE;38;1260;33.2;527;13.9;22.7;712;18.7;30.7;21.7;21.0;17.3;17.1;558;0.62;140;108;32.3;5.6;2.3;7.9;0.250;1283;30;8;78.9
Đorđe DRENOVAC;2023-24;DEAC;35;1226;35.0;406;11.6;18.7;554;15.8;25.6;18.9;16.2;24.6;23.2;548;0.51;109;111;-2.5;1.0;1.8;2.8;0.091;647;15;20;42.9
Marques TOWNES;2022-23;Kecskemét;36;1207;33.5;441;12.3;20.2;602;16.7;27.6;20.4;17.5;26.2;26.8;595;0.46;102;108;-6.7;0.0;1.9;1.9;0.062;585;18;18;50.0
Đorđe DŽELETOVIĆ;2024-25;PVSK;35;1203;34.4;453;13.0;20.3;613;17.5;27.4;22.1;18.0;23.2;22.2;568;0.52;114;120;-5.1;2.1;0.2;2.4;0.079;649;7;28;20.0
Siyani CHAMBERS;2023-24;Alba Fehérvár;36;1190;33.1;532;14.8;23.5;725;20.1;32.1;25.2;20.3;22.2;23.9;679;0.54;125;110;15.4;4.2;2.0;6.2;0.209;1127;28;8;77.8
Noah LOCKE;2023-24;Szedeák;33;1188;36.0;488;14.8;21.4;665;20.1;29.1;22.5;18.6;29.2;27.2;713;0.50;115;120;-5.3;2.5;0.3;2.8;0.093;718;14;19;42.4
Siyani CHAMBERS;2022-23;Körmend;36;1186;32.9;413;11.5;18.9;564;15.7;25.7;19.8;16.5;24.4;25.3;608;0.50;110;114;-4.2;1.7;0.9;2.6;0.089;668;21;15;58.3
Quincy FORD;2022-23;Alba Fehérvár;37;1179;31.9;436;11.8;20.2;595;16.1;27.6;19.8;19.2;15.9;15.9;428;0.55;125;103;22.2;3.1;2.8;5.9;0.199;1008;26;11;70.3
Darius PERRY;2022-23;NYBS;35;1178;33.7;513;14.7;23.1;700;20.0;31.5;25.2;20.5;32.1;31.7;740;0.47;105;112;-7.3;0.9;1.2;2.1;0.070;680;4;31;11.4
VOJVODA Dávid;2024-25;Alba Fehérvár;35;1177;33.6;493;14.1;22.5;666;19.0;30.4;22.2;19.6;24.5;24.1;646;0.54;122;123;-0.8;3.8;-0.4;3.5;0.118;785;15;20;42.9
Deon EDWIN;2022-23;Atomerőmű SE;35;1174;33.5;507;14.5;23.6;691;19.8;32.2;26.6;20.8;25.6;27.1;662;0.53;114;109;5.0;2.7;1.8;4.5;0.153;886;18;17;51.4
DeAndre GHOLSTON;2023-24;Oroszlány;35;1170;33.4;494;14.1;22.1;674;19.3;30.2;22.4;20.0;27.1;26.4;674;0.51;114;111;2.9;2.2;1.7;3.9;0.134;823;17;18;48.6
Daylen KOUNTZ;2024-25;Körmend;34;1162;34.2;536;15.8;24.5;724;21.3;33.2;24.4;22.2;27.2;26.2;676;0.54;118;118;0.0;3.3;0.4;3.7;0.126;842;16;18;47.1
Jordan BARNETT;2023-24;Alba Fehérvár;36;1124;31.2;511;14.2;23.9;696;19.3;32.6;22.3;22.0;18.6;17.9;520;0.59;136;109;27.9;4.5;2.1;6.6;0.235;1141;28;8;77.8
Shannon BOGUES;2023-24;Kecskemét;35;1121;32.0;449;12.8;22.2;613;17.5;30.2;21.2;19.9;24.2;23.7;564;0.54;117;115;2.4;2.5;1.1;3.6;0.127;747;14;21;40.0
Andre WILLIAMSON;2023-24;DEAC;35;1120;32.0;369;10.5;18.6;502;14.4;25.4;19.1;17.0;16.0;16.0;386;0.57;122;109;13.0;2.2;2.0;4.2;0.152;740;15;20;42.9
Danilo OSTOJIĆ;2022-23;ZTE;38;1117;29.4;387;10.2;18.8;528;13.9;25.6;20.0;17.6;20.5;20.9;494;0.56;115;111;3.4;2.1;1.3;3.4;0.122;720;21;17;55.3
VOJVODA Dávid;2023-24;Alba Fehérvár;36;1107;30.8;508;14.1;24.1;692;19.2;32.9;20.8;20.6;26.4;25.0;650;0.53;124;114;9.7;3.8;1.3;5.0;0.181;990;28;8;77.8
Shane GATLING;2024-25;Bp. Honvéd;36;1106;30.7;476;13.2;23.7;644;17.9;32.1;21.5;20.0;28.4;27.4;641;0.50;117;112;4.9;2.9;1.4;4.3;0.155;838;14;22;38.9
Đorđe DRENOVAC;2022-23;DEAC;32;1102;34.4;497;15.5;25.3;678;21.2;34.6;25.6;22.7;25.3;24.2;570;0.56;120;108;12.5;3.5;1.8;5.3;0.192;937;16;16;50.0
Yasiin JOSEPH;2022-23;Sopron;37;1100;29.7;506;13.7;25.7;690;18.6;35.1;23.1;22.7;26.4;27.3;645;0.53;120;110;9.8;3.9;1.4;5.3;0.193;948;18;19;48.6
D'Mitrik TRICE;2022-23;ZTE;38;1100;28.9;338;8.9;16.6;461;12.1;22.7;14.6;14.4;25.0;24.9;545;0.47;108;116;-8.5;1.2;0.5;1.7;0.061;505;21;17;55.3
Eric LOCKETT;2024-25;Atomerőmű SE;36;1096;30.5;453;12.6;22.5;612;17.0;30.4;20.9;20.7;20.8;20.9;528;0.57;125;104;20.9;3.6;2.5;6.1;0.223;1041;30;6;83.3
BOGNÁR Kristóf;2023-24;Szedeák;36;1093;30.4;405;11.3;19.3;552;15.3;26.3;20.4;18.2;19.4;19.7;481;0.56;116;114;1.9;1.8;1.2;3.0;0.109;655;16;20;44.4
Sage TOLBERT;2023-24;Körmend;32;1092;34.1;471;14.7;23.2;642;20.1;31.6;24.0;21.2;18.8;18.3;482;0.62;130;114;15.3;3.5;1.2;4.7;0.172;869;13;19;40.6
Amorie ARCHIBALD;2024-25;PVSK;30;1088;36.3;540;18.0;26.7;729;24.3;36.1;31.1;23.6;27.1;27.8;665;0.55;118;113;5.4;3.2;1.2;4.4;0.164;912;7;23;23.3
Deon EDWIN;2023-24;DEAC;35;1079;30.8;378;10.8;19.8;516;14.7;27.1;21.6;17.5;23.7;25.5;527;0.50;108;110;-1.3;0.9;1.8;2.7;0.100;611;15;20;42.9
Cortez EDWARDS;2024-25;Sopron;36;1078;29.9;338;9.4;17.1;457;12.7;23.1;16.5;15.3;19.0;20.2;429;0.48;107;107;-0.3;0.6;2.0;2.7;0.099;560;17;19;47.2
Isaiah BIGELOW;2024-25;ZTE;37;1076;29.1;399;10.8;20.1;539;14.6;27.2;19.2;18.0;26.1;24.6;538;0.49;110;109;1.1;1.4;1.8;3.1;0.116;701;18;19;48.6
Michael HUGHES;2022-23;Kaposvár;36;1070;29.7;509;14.2;25.9;695;19.3;35.4;27.0;24.8;22.8;23.0;544;0.59;120;106;14.0;3.2;2.0;5.2;0.195;951;13;23;36.1
Tony HICKS;2023-24;ZTE;35;1070;30.6;431;12.3;21.8;587;16.8;29.8;21.4;19.3;25.9;26.5;590;0.51;113;115;-2.3;1.7;1.0;2.8;0.103;701;15;20;42.9
Isaiah PHILMORE;2022-23;Alba Fehérvár;37;1068;28.9;373;10.1;19.1;509;13.7;26.1;17.3;17.9;17.9;17.6;437;0.59;128;111;16.9;3.4;1.3;4.7;0.178;838;26;11;70.3
WITTMANN Krisztián;2022-23;Kecskemét;36;1067;29.6;248;6.9;12.9;339;9.4;17.6;10.9;11.5;16.3;16.6;343;0.44;107;113;-5.8;0.6;1.0;1.7;0.062;381;18;18;50.0
Đorđe DIMITRIJEVIĆ;2022-23;Oroszlány;34;1064;31.3;388;11.4;20.1;530;15.6;27.5;21.1;18.0;25.5;25.7;551;0.49;111;111;0.4;1.8;1.3;3.1;0.117;649;17;17;50.0
Marko ŠINIK;2023-24;Kecskemét;36;1064;29.6;289;8.0;15.0;394;10.9;20.4;15.4;13.6;21.4;22.6;445;0.45;102;114;-12.1;-0.3;1.1;0.8;0.032;354;15;21;41.7
Đorđe DRENOVAC;2024-25;DEAC;33;1064;32.3;365;11.0;19.1;493;14.9;25.8;18.1;16.2;26.7;25.2;510;0.50;106;108;-1.8;0.6;1.9;2.5;0.094;580;20;13;60.6
Ryan WOOLRIDGE;2023-24;Szedeák;29;1059;36.5;576;19.9;28.3;786;27.1;38.5;32.5;25.8;24.2;25.8;647;0.60;123;114;8.7;3.6;1.1;4.7;0.178;973;12;17;41.4
Liam O'REILLY;2022-23;ZTE;36;1052;29.2;379;10.5;19.5;517;14.4;26.6;18.4;17.4;25.7;26.3;564;0.48;110;113;-2.1;1.7;1.0;2.7;0.104;643;21;15;58.3
BOGNÁR Kristóf;2022-23;Szedeák;35;1049;30.0;348;10.0;18.3;475;13.6;25.0;18.7;17.6;18.1;18.5;399;0.54;114;107;6.3;1.6;1.8;3.4;0.130;637;14;21;40.0
Stefan MIJOVIĆ;2022-23;Bp. Honvéd;36;1046;29.1;396;11.0;20.8;541;15.0;28.4;18.7;18.7;24.8;24.1;522;0.49;114;109;4.3;2.1;1.5;3.6;0.138;701;10;26;27.8
David NICHOLS;2023-24;Sopron;33;1046;31.7;441;13.4;22.9;601;18.2;31.2;22.5;19.4;28.5;28.9;622;0.49;112;114;-2.1;1.7;1.2;2.8;0.108;680;14;19;42.4
Ibrahim DURMO;2023-24;NKA Pécs;34;1044;30.7;459;13.5;23.2;626;18.4;31.7;24.1;20.9;24.8;24.8;551;0.54;113;105;8.0;1.5;2.5;4.1;0.156;802;15;19;44.1
Jordan BARNETT;2022-23;Sopron;34;1043;30.7;368;10.8;19.7;502;14.8;26.9;18.0;18.1;20.2;19.8;433;0.53;117;108;9.5;2.2;1.8;4.0;0.153;713;17;17;50.0
PERL Zoltán;2022-23;Falco KC;37;1032;27.9;586;15.8;31.2;799;21.6;42.6;25.0;27.8;27.7;27.6;675;0.60;130;102;28.0;5.7;2.5;8.2;0.319;1390;30;7;81.1
BENKE Szilárd;2024-25;Atomerőmű SE;31;1029;33.2;330;10.6;17.4;446;14.4;23.5;17.4;15.0;23.4;22.2;473;0.49;112;108;4.1;1.5;1.8;3.3;0.129;656;24;7;77.4
Jabril DURHAM;2022-23;Szolnok;37;1026;27.7;405;11.0;22.3;553;14.9;30.4;18.4;19.3;23.5;25.5;526;0.49;113;103;10.3;2.2;2.4;4.5;0.176;790;27;10;73.0
Tomislav GABRIĆ;2022-23;Kaposvár;33;1025;31.1;316;9.6;16.7;432;13.1;22.8;15.2;15.3;24.9;23.8;485;0.46;108;116;-8.6;1.0;0.5;1.5;0.058;437;13;20;39.4
VOJVODA Dávid;2022-23;Alba Fehérvár;37;1022;27.6;463;12.5;24.8;632;17.1;33.8;18.4;21.8;28.4;26.8;606;0.55;121;112;9.7;3.8;1.1;4.9;0.192;947;26;11;70.3
Tyler THOMAS;2024-25;Alba Fehérvár;35;1022;29.2;418;11.9;21.9;565;16.1;29.7;17.9;20.0;21.9;20.9;493;0.53;124;119;4.6;3.1;0.3;3.3;0.131;701;15;20;42.9
Jay Jay CHANDLER;2024-25;Atomerőmű SE;37;1016;27.5;511;13.8;27.2;690;18.6;36.8;23.5;23.8;32.7;31.0;682;0.51;117;104;13.5;3.1;2.5;5.6;0.219;1049;29;8;78.4
Bojan SUBOTIĆ;2024-25;Szolnok;35;1013;29.0;374;10.7;19.7;505;14.4;26.7;19.4;17.4;21.3;20.5;459;0.54;118;109;10.0;2.2;1.8;4.0;0.158;764;25;10;71.4
Fardaws AIMAQ;2024-25;Szolnok;34;1009;29.7;417;12.3;22.1;564;16.6;29.9;22.6;20.0;24.3;24.3;504;0.53;110;107;2.7;1.2;1.9;3.1;0.124;729;25;9;73.5
Kassim NICHOLSON;2023-24;Atomerőmű SE;29;1000;34.5;417;14.4;22.2;568;19.6;30.3;23.4;19.9;23.2;22.4;505;0.56;120;115;5.2;2.5;1.0;3.5;0.139;708;16;13;55.2
Quenton DECOSEY;2022-23;Alba Fehérvár;37;997;26.9;347;9.4;19.0;473;12.8;26.0;15.2;17.5;19.5;18.6;414;0.55;122;111;11.0;2.6;1.2;3.9;0.155;726;26;11;70.3
Jalen HENRY;2023-24;Bp. Honvéd;34;994;29.2;324;9.5;17.9;442;13.0;24.4;18.7;16.3;22.6;22.2;431;0.50;107;106;1.5;0.5;2.2;2.7;0.111;555;16;18;47.1
Greg LEE;2024-25;Kecskemét;31;992;32.0;312;10.0;17.9;421;13.6;24.2;17.9;15.4;25.2;24.4;436;0.47;103;115;-12.2;0.0;0.8;0.8;0.032;373;12;19;38.7
Duane WILSON;2024-25;Oroszlány;31;991;32.0;365;11.8;20.1;494;15.9;27.2;18.4;17.9;29.4;28.5;546;0.47;106;117;-11.0;0.5;0.6;1.1;0.045;451;9;22;29.0
James EADS;2023-24;Szolnok;37;990;26.8;317;8.6;17.2;433;11.7;23.4;14.6;14.9;21.0;19.5;425;0.53;118;115;3.3;1.9;1.0;2.9;0.116;603;22;15;59.5
Strahinja JOVANOVIĆ;2024-25;Szolnok;35;990;28.3;397;11.3;21.5;536;15.3;29.0;19.8;18.3;23.4;24.4;535;0.52;118;111;7.2;2.6;1.3;3.9;0.159;784;25;10;71.4
PONGÓ Marcell;2022-23;Alba Fehérvár;37;989;26.7;374;10.1;20.7;511;13.8;28.3;17.5;19.1;21.7;22.3;476;0.51;118;107;11.6;2.6;1.8;4.4;0.177;803;26;11;70.3
Kyan ANDERSON;2024-25;DEAC;33;987;29.9;328;9.9;18.5;443;13.4;25.0;16.4;15.7;24.5;24.4;466;0.45;108;107;0.9;0.8;1.9;2.7;0.111;564;20;13;60.6
Kyle RIDDLEY;2023-24;Oroszlány;31;981;31.6;491;15.8;26.3;670;21.6;35.9;26.2;23.6;28.0;27.9;643;0.58;123;114;8.8;3.7;1.0;4.7;0.191;891;14;17;45.2
Dustin THOMAS;2023-24;Szolnok;36;981;27.3;336;9.3;18.3;458;12.7;25.0;17.8;16.0;20.6;20.6;433;0.52;115;112;2.3;1.5;1.3;2.8;0.114;616;21;15;58.3
Petar RAKIĆEVIĆ;2024-25;Kecskemét;32;981;30.7;390;12.2;22.7;527;16.5;30.6;21.0;19.6;24.5;24.2;476;0.49;114;113;1.8;1.9;1.1;3.0;0.123;645;13;19;40.6
Khalid THOMAS;2023-24;Oroszlány;32;980;30.6;439;13.7;23.4;598;18.7;31.8;22.8;22.0;22.1;21.5;505;0.57;125;109;15.9;3.1;1.8;4.8;0.197;845;17;15;53.1
Matt TIBY;2022-23;Falco KC;37;975;26.4;384;10.4;21.7;524;14.2;29.6;18.3;20.2;18.2;17.8;417;0.58;132;103;29.2;3.7;2.3;6.0;0.246;968;30;7;81.1
KELLER Iván;2022-23;ZTE;38;975;25.7;206;5.4;11.5;282;7.4;15.7;9.8;11.0;12.2;11.6;245;0.48;117;113;4.1;1.2;0.9;2.1;0.087;412;21;17;55.3
Mitchell SMITH;2022-23;ZTE;36;973;27.0;451;12.5;25.2;616;17.1;34.4;22.5;24.1;20.2;19.7;482;0.64;136;109;27.4;4.7;1.4;6.1;0.252;1039;21;15;58.3
Bojan SUBOTIĆ;2022-23;Szolnok;37;960;25.9;423;11.4;24.8;577;15.6;33.9;19.5;21.7;25.9;24.1;500;0.54;122;103;18.7;3.3;2.2;5.5;0.229;893;27;10;73.0
EILINGSFELD János;2022-23;Atomerőmű SE;29;959;33.1;411;14.2;23.5;560;19.3;32.0;23.3;21.3;20.9;20.1;451;0.59;128;109;19.3;3.6;1.4;5.0;0.209;850;17;12;58.6
KELLER Ákos;2022-23;Falco KC;37;959;25.9;276;7.4;15.8;376;10.2;21.6;14.0;15.0;15.2;15.5;308;0.53;114;100;14.5;1.3;2.7;4.0;0.166;664;30;7;81.1
Malik MORGAN;2023-24;Körmend;33;959;29.1;358;10.8;20.0;488;14.8;27.2;19.2;17.3;27.1;27.3;523;0.46;107;116;-8.6;0.5;0.9;1.4;0.058;469;14;19;42.4
RUJÁK András;2024-25;Oroszlány;34;959;28.2;143;4.2;8.2;193;5.7;11.0;8.5;7.7;11.2;12.4;214;0.43;98;117;-18.9;-0.4;0.5;0.1;0.004;148;10;24;29.4
Kemal KARAHODŽIĆ;2022-23;Kecskemét;36;956;26.6;404;11.2;23.4;551;15.3;31.9;20.9;21.8;20.9;21.0;436;0.59;120;106;13.5;2.6;1.8;4.3;0.182;762;18;18;50.0
Isaiah PHILMORE;2023-24;Alba Fehérvár;34;955;28.1;383;11.3;21.1;522;15.4;28.8;18.7;19.0;18.5;18.3;446;0.60;134;112;21.7;3.7;1.3;4.9;0.206;854;26;8;76.5
Rytis PIPIRAS;2024-25;Körmend;34;949;27.9;224;6.6;12.6;303;8.9;17.0;12.1;11.8;17.4;17.3;324;0.44;105;118;-12.9;0.2;0.4;0.6;0.027;273;16;18;47.1
WITTMANN Krisztián;2024-25;Kecskemét;33;947;28.7;183;5.6;11.0;248;7.5;14.9;10.4;9.3;18.6;18.7;316;0.42;101;118;-17.1;-0.2;0.3;0.1;0.005;190;13;20;39.4
Fahrudin MANJGAFIĆ;2023-24;NKA Pécs;31;943;30.4;313;10.1;17.6;427;13.8;24.0;17.5;15.1;26.0;24.6;464;0.47;106;111;-4.6;0.3;1.5;1.8;0.077;462;14;17;45.2
PONGÓ Máté;2024-25;DEAC;34;941;27.7;274;8.1;16.3;371;10.9;22.0;13.9;14.7;17.4;18.7;338;0.46;107;104;3.3;0.5;2.3;2.8;0.117;513;20;14;58.8
Isiah BROWN;2023-24;Bp. Honvéd;32;937;29.3;406;12.7;23.8;553;17.3;32.4;21.3;19.9;32.7;31.1;596;0.50;113;111;1.7;1.7;1.5;3.2;0.135;670;16;16;50.0
Ronald JACKSON;2023-24;Kaposvár;34;937;27.6;323;9.5;19.3;440;13.0;26.3;16.9;18.4;19.2;19.0;382;0.54;120;115;5.0;2.0;0.9;2.9;0.123;568;13;21;38.2
Rudi WILLIAMS;2024-25;Körmend;28;937;33.5;513;18.3;29.2;694;24.8;39.5;31.9;26.5;27.6;28.4;619;0.56;124;114;10.3;3.9;0.9;4.8;0.207;956;14;14;50.0
MELEG Gergő;2024-25;NKA Pécs;36;937;26.0;304;8.4;17.7;411;11.4;23.9;16.0;15.8;23.0;22.2;410;0.51;107;106;1.2;0.6;2.0;2.6;0.109;519;20;16;55.6
Petar RAKIĆEVIĆ;2022-23;ZTE;37;932;25.2;359;9.7;20.9;490;13.3;28.5;16.0;19.0;24.2;23.9;464;0.50;113;110;2.5;1.8;1.2;3.0;0.127;648;21;16;56.8
Danilo OSTOJIĆ;2024-25;DEAC;31;931;30.0;368;11.9;22.0;497;16.0;29.7;21.8;19.9;20.9;21.5;422;0.56;118;104;13.5;2.0;2.2;4.2;0.181;733;20;11;64.5
James DICKEY;2023-24;Alba Fehérvár;35;929;26.5;415;11.8;23.5;565;16.2;32.0;23.2;22.1;19.5;19.9;428;0.60;122;101;20.3;2.3;2.6;4.9;0.212;886;28;7;80.0
Wendell MITCHELL;2022-23;Körmend;33;926;28.1;393;11.9;22.9;537;16.3;31.2;19.1;20.7;27.4;26.7;522;0.49;114;112;1.8;2.1;1.0;3.1;0.133;700;19;14;57.6
Noah DICKERSON;2024-25;Oroszlány;34;926;27.2;461;13.5;27.1;622;18.3;36.6;27.1;25.8;22.0;22.0;470;0.63;126;105;20.3;3.2;2.0;5.2;0.226;904;11;23;32.4
SOMOGYI Ádám;2022-23;Alba Fehérvár;37;921;24.9;383;10.4;22.8;523;14.1;31.1;17.5;20.8;24.2;24.6;484;0.52;117;105;12.1;2.4;1.9;4.3;0.188;809;26;11;70.3
MÓCSÁN Bálint;2023-24;DEAC;32;920;28.8;242;7.5;14.9;329;10.3;20.3;12.2;12.7;21.7;20.4;351;0.44;106;112;-5.7;0.3;1.3;1.6;0.069;377;14;18;43.8
Matt TIBY;2023-24;Falco KC;36;917;25.5;411;11.4;24.1;561;15.6;32.8;19.7;21.1;20.1;19.4;442;0.59;133;98;35.3;3.6;3.1;6.7;0.291;1055;31;5;86.1
FERENCZ Csaba;2024-25;Körmend;34;914;26.9;227;6.7;13.2;307;9.0;17.9;11.1;12.7;11.5;10.9;250;0.52;133;120;12.8;2.1;0.1;2.2;0.095;411;16;18;47.1
Stefan KENIĆ;2024-25;Oroszlány;29;914;31.5;276;9.5;16.6;373;12.9;22.5;16.8;14.9;18.8;18.3;355;0.51;117;119;-2.3;1.6;0.2;1.8;0.081;434;9;20;31.0
KJ JACKSON;2024-25;Sopron;30;913;30.4;390;13.0;23.0;527;17.6;31.1;22.3;19.9;30.3;30.2;559;0.50;109;109;0.8;1.2;1.6;2.8;0.123;618;15;15;50.0
Wesley PERSON;2022-23;Szedeák;35;910;26.0;220;6.3;13.3;300;8.6;18.2;10.4;12.2;20.4;18.6;348;0.50;114;116;-2.0;1.4;0.5;1.9;0.084;380;14;21;40.0
WITTMANN Krisztián;2023-24;Kecskemét;34;910;26.8;229;6.7;14.0;313;9.2;19.0;11.0;12.4;18.8;19.0;344;0.46;110;117;-7.0;0.7;0.7;1.4;0.060;341;15;19;44.1
Billy GARRETT;2024-25;ZTE;31;910;29.4;410;13.2;24.4;554;17.9;32.9;20.7;21.0;27.9;27.1;542;0.52;119;113;6.0;2.8;1.0;3.7;0.165;767;17;14;54.8
Mário IHRING;2023-24;Atomerőmű SE;30;907;30.2;381;12.7;22.4;519;17.3;30.6;21.7;19.6;24.5;26.1;516;0.51;116;114;1.9;2.0;1.0;3.0;0.131;630;16;14;53.3
TANOH DEZ András;2022-23;Bp. Honvéd;34;905;26.6;223;6.6;13.5;305;9.0;18.4;13.4;12.7;23.4;22.8;372;0.46;99;111;-11.7;-0.4;1.1;0.7;0.032;280;10;24;29.4
Dayon GRIFFIN;2023-24;Sopron;32;905;28.3;261;8.2;15.7;356;11.1;21.4;14.7;13.4;25.4;24.7;412;0.43;100;114;-13.7;-0.6;1.0;0.4;0.020;294;14;18;43.8
DEMETER Attila;2022-23;Bp. Honvéd;34;904;26.6;144;4.2;8.7;196;5.8;11.9;8.7;8.0;19.2;18.9;261;0.39;84;108;-24.2;-2.1;1.4;-0.7;-0.031;78;10;24;29.4
SIMON Kristóf;2022-23;Bp. Honvéd;32;900;28.1;198;6.2;12.1;270;8.4;16.5;13.6;10.8;20.6;21.6;328;0.40;93;108;-15.1;-1.2;1.5;0.2;0.011;214;8;24;25.0
Rastko DRAMIĆANIN;2022-23;Kecskemét;36;895;24.9;280;7.8;17.3;382;10.6;23.6;13.2;15.7;20.0;19.2;360;0.50;116;113;3.3;1.7;0.8;2.6;0.115;491;18;18;50.0
Ilija ĐOKOVIĆ;2023-24;Bp. Honvéd;33;895;27.1;298;9.0;18.3;406;12.3;24.9;15.4;15.6;23.2;24.0;436;0.46;111;110;1.5;1.1;1.5;2.6;0.117;517;16;17;48.5
De'Quon LAKE;2023-24;Szedeák;36;895;24.9;369;10.2;21.4;503;14.0;29.2;17.8;21.0;18.1;18.0;403;0.65;130;117;13.4;2.9;0.6;3.6;0.159;670;16;20;44.4
Josip BARNJAK;2022-23;Oroszlány;33;894;27.1;342;10.4;21.1;467;14.1;28.8;18.0;19.5;24.5;25.4;460;0.48;112;108;3.5;1.6;1.4;3.0;0.135;595;17;16;51.5
Paul ATKINSON;2022-23;Atomerőmű SE;31;892;28.8;418;13.5;25.7;570;18.4;35.1;22.7;23.5;22.2;21.8;440;0.61;124;107;17.6;3.1;1.6;4.7;0.211;818;15;16;48.4
Stefan POT;2022-23;Falco KC;36;892;24.8;319;8.9;19.6;435;12.1;26.8;17.3;17.7;23.0;24.6;462;0.52;116;104;12.0;2.1;2.0;4.1;0.186;722;30;6;83.3
PERL Zoltán;2024-25;Falco KC;35;890;25.4;574;16.4;35.4;776;22.2;47.9;25.4;30.5;28.7;27.6;625;0.63;140;103;37.0;6.3;2.3;8.6;0.385;1399;31;4;88.6
Remy ABELL;2023-24;Kaposvár;27;889;32.9;380;14.1;23.9;519;19.2;32.6;22.6;20.4;26.9;25.6;492;0.54;121;121;-0.4;2.7;0.1;2.8;0.124;624;9;18;33.3
Tahj EADDY;2023-24;Kaposvár;28;889;31.8;325;11.6;20.3;442;15.8;27.7;16.3;17.9;25.7;24.4;468;0.49;120;125;-5.5;2.4;-0.4;2.0;0.089;485;11;17;39.3
Andre WILLIAMSON;2022-23;Szolnok;34;888;26.1;345;10.1;21.9;470;13.8;29.9;18.4;19.8;19.9;19.5;373;0.57;121;104;17.3;2.4;1.9;4.3;0.195;729;24;10;70.6
VÁRADI Benedek;2024-25;Falco KC;36;887;24.6;380;10.5;23.5;513;14.3;31.8;17.3;20.6;20.5;22.2;461;0.55;129;101;27.4;3.6;2.4;6.0;0.269;953;32;4;88.9
Raymond COWELS;2022-23;Falco KC;35;878;25.1;270;7.7;16.9;369;10.5;23.1;12.1;15.6;21.6;19.8;371;0.47;118;105;13.1;1.9;1.9;3.8;0.173;642;29;6;82.9
FERENCZ Csaba;2022-23;Körmend;39;878;22.5;171;4.4;10.5;234;6.0;14.4;6.9;9.7;16.0;14.8;267;0.45;111;119;-7.8;0.9;0.1;0.9;0.042;264;21;18;53.8
Brandon GARRETT;2024-25;Sopron;36;878;24.4;370;10.3;22.9;500;13.9;30.9;18.3;21.3;22.4;21.9;431;0.60;122;109;13.0;2.5;1.5;4.0;0.183;708;17;19;47.2
De'Monte BUCKINGHAM;2022-23;Atomerőmű SE;27;877;32.5;253;9.4;15.8;345;12.8;21.6;15.5;13.9;20.0;19.8;337;0.48;106;110;-3.2;0.6;1.2;1.8;0.082;399;14;13;51.9
KELLER Iván;2024-25;ZTE;37;876;23.7;201;5.4;12.5;272;7.3;16.9;9.7;11.8;11.2;11.5;223;0.54;120;113;7.6;1.2;1.0;2.2;0.101;414;18;19;48.6
Ibrahim DURMO;2024-25;NKA Pécs;27;872;32.3;372;13.8;23.2;503;18.6;31.3;24.1;20.2;28.1;27.2;476;0.52;109;103;5.7;1.0;2.1;3.1;0.144;640;18;9;66.7
PONGÓ Marcell;2024-25;Falco KC;36;867;24.1;284;7.9;18.0;384;10.7;24.3;14.5;15.9;18.7;19.9;370;0.51;118;101;17.1;1.8;2.4;4.2;0.195;691;32;4;88.9
FILIPOVITY Márkó;2024-25;Alba Fehérvár;30;865;28.8;315;10.5;19.5;426;14.2;26.3;15.7;17.3;20.6;18.3;364;0.50;123;120;2.6;2.2;0.1;2.3;0.106;506;14;16;46.7
Ilari SEPPÄLÄ;2024-25;Kecskemét;28;859;30.7;371;13.2;24.7;501;17.9;33.4;19.9;21.3;26.0;26.1;491;0.50;125;118;7.3;3.5;0.3;3.8;0.179;696;12;16;42.9
RUJÁK András;2022-23;Oroszlány;36;851;23.6;115;3.2;7.5;157;4.4;10.2;6.3;6.8;13.9;14.3;209;0.39;95;114;-19.4;-0.6;0.6;0.0;0.002;115;18;18;50.0
Andre JONES;2022-23;Sopron;29;851;29.3;286;9.8;18.8;390;13.4;25.6;16.2;16.7;24.5;23.8;402;0.50;111;113;-1.6;1.3;0.8;2.2;0.101;486;16;13;55.2
LUKÁCS Norbert;2023-24;Szolnok;31;848;27.4;311;10.0;19.7;424;13.7;26.8;17.1;17.7;16.5;15.7;316;0.57;127;111;15.9;2.1;1.3;3.4;0.160;651;19;12;61.3
Jaka KLOBUČAR;2022-23;Kecskemét;29;847;29.2;268;9.2;17.5;366;12.6;23.9;18.1;15.5;20.1;20.8;344;0.48;108;108;-0.2;0.7;1.4;2.1;0.100;451;14;15;48.3
Imran POLUTAK;2023-24;Oroszlány;35;843;24.1;281;8.0;17.4;384;11.0;23.8;16.6;16.7;24.1;24.2;429;0.54;110;112;-2.2;0.8;1.2;2.0;0.094;448;17;18;48.6
Lester MEDFORD;2024-25;Alba Fehérvár;26;835;32.1;277;10.6;17.8;374;14.4;24.1;20.3;15.6;24.9;26.4;444;0.46;108;120;-12.4;0.8;0.1;0.8;0.040;339;11;15;42.3
Andre WILLIAMSON;2024-25;DEAC;28;832;29.7;250;8.9;17.0;338;12.1;23.0;17.0;15.7;15.6;15.0;264;0.53;120;106;14.5;1.5;1.8;3.3;0.157;550;15;13;53.6
Alan HERNDON;2024-25;Szedeák;30;821;27.4;355;11.8;24.0;480;16.0;32.4;21.1;22.8;18.3;18.0;335;0.61;126;110;15.5;2.4;1.2;3.6;0.173;657;9;21;30.0
TAKÁCS Martin;2024-25;ZTE;36;821;22.8;152;4.2;10.0;205;5.7;13.6;8.5;9.3;13.6;14.7;227;0.47;102;113;-11.3;-0.1;0.9;0.8;0.039;231;18;18;50.0
PERL Zoltán;2023-24;Falco KC;35;820;23.4;621;17.7;40.6;846;24.2;55.4;26.6;34.7;31.4;30.7;664;0.64;141;99;42.0;6.5;2.6;9.1;0.443;1502;30;5;85.7
Marjan ČAKARUN;2022-23;Körmend;39;817;20.9;246;6.3;16.3;336;8.6;22.2;13.8;15.3;21.1;21.0;348;0.54;110;114;-4.3;1.0;0.6;1.6;0.078;404;21;18;53.8
Kemal KARAHODŽIĆ;2024-25;Kecskemét;33;815;24.7;263;8.0;18.4;355;10.8;24.9;16.0;17.4;17.3;18.3;317;0.61;122;115;7.2;1.9;0.7;2.7;0.131;491;13;20;39.4
Danilo OSTOJIĆ;2023-24;ZTE;31;814;26.3;336;10.8;22.6;459;14.8;30.8;19.3;21.1;19.4;19.6;372;0.62;127;113;14.4;2.6;1.1;3.6;0.177;681;16;15;51.6
Auston BARNES;2022-23;Szolnok;33;811;24.6;234;7.1;16.3;319;9.7;22.3;12.7;15.0;16.5;15.5;283;0.55;127;109;18.5;2.3;1.2;3.5;0.173;549;23;10;69.7
Kemal KARAHODŽIĆ;2023-24;Kecskemét;35;808;23.1;306;8.7;20.9;417;11.9;28.5;16.3;20.3;20.0;20.9;371;0.61;121;113;8.8;2.0;1.0;3.1;0.153;567;15;20;42.9
RUJÁK András;2023-24;Oroszlány;35;806;23.0;129;3.7;8.4;175;5.0;11.4;7.0;8.3;7.6;8.8;155;0.50;115;115;0.0;0.5;0.8;1.4;0.067;243;17;18;48.6
Anthony DURHAM;2024-25;NKA Pécs;25;798;31.9;318;12.7;21.7;430;17.2;29.4;20.8;18.7;26.8;25.9;429;0.50;113;108;5.0;1.5;1.4;2.9;0.145;557;14;11;56.0
MÓCSÁN Bálint;2022-23;DEAC;30;796;26.5;273;9.1;19.4;373;12.4;26.5;14.1;17.2;25.5;24.0;369;0.46;109;110;-0.7;1.0;1.1;2.1;0.105;458;15;15;50.0
Lovro BULJEVIĆ;2023-24;DEAC;34;793;23.3;211;6.2;15.0;288;8.5;20.5;13.1;14.1;20.0;19.8;293;0.53;105;110;-4.7;0.1;1.3;1.5;0.074;338;15;19;44.1
CSEH Botond;2024-25;Szedeák;34;793;23.3;144;4.2;10.2;195;5.7;13.8;9.0;9.5;17.5;16.9;237;0.47;99;114;-15.4;-0.4;0.7;0.3;0.018;172;11;23;32.4
BAZSÓ Brúnó;2022-23;NYBS;32;789;24.7;140;4.4;9.4;191;6.0;12.8;8.6;9.0;11.7;11.7;185;0.45;106;117;-11.1;0.3;0.3;0.5;0.027;183;3;29;9.4
PONGÓ Máté;2022-23;Szolnok;37;787;21.3;206;5.6;14.8;281;7.6;20.2;10.1;13.5;16.3;17.7;284;0.47;115;106;9.2;1.3;1.5;2.8;0.143;447;27;10;73.0
Isaiah MUCIUS;2024-25;Sopron;30;785;26.2;289;9.6;20.0;391;13.0;27.0;15.6;18.0;22.4;21.1;363;0.52;119;113;5.5;1.8;0.8;2.7;0.136;509;13;17;43.3
PERINGER Balázs;2022-23;Bp. Honvéd;36;781;21.7;137;3.8;9.6;187;5.2;13.1;8.0;9.9;10.8;11.4;174;0.53;107;112;-5.8;0.3;0.8;1.1;0.055;228;10;26;27.8
KELLER Ákos;2023-24;Falco KC;36;781;21.7;253;7.0;17.4;344;9.6;23.7;13.8;16.2;14.2;14.7;264;0.58;123;96;27.6;1.5;2.8;4.4;0.224;675;31;5;86.1
PALLAI Tamás;2024-25;Szolnok;35;779;22.2;233;6.7;16.1;315;9.0;21.7;9.7;14.5;17.5;16.1;288;0.50;123;112;11.6;1.8;1.0;2.8;0.143;504;26;9;74.3
KELLER Iván;2023-24;ZTE;37;778;21.0;168;4.5;11.7;229;6.2;16.0;7.8;10.8;13.0;13.0;213;0.50;115;118;-3.8;0.7;0.4;1.1;0.058;279;16;21;43.2
POLYÁK László;2022-23;DEAC;34;775;22.8;150;4.4;10.9;205;6.0;14.9;8.6;9.8;17.4;16.9;233;0.43;100;112;-11.3;-0.1;0.8;0.7;0.037;207;17;17;50.0
Nikola POPOVIĆ;2024-25;Falco KC;36;775;21.5;357;9.9;25.3;482;13.4;34.2;17.1;22.8;20.9;21.3;391;0.63;130;101;29.0;3.1;2.1;5.3;0.272;864;32;4;88.9
LUKÁCS Norbert;2024-25;Szolnok;32;775;24.2;283;8.9;19.6;383;12.0;26.4;14.4;17.9;16.4;15.9;295;0.57;128;110;18.5;2.2;1.2;3.4;0.174;615;24;8;75.0
MUCZA Tamás;2023-24;Szedeák;36;773;21.5;128;3.5;8.6;174;4.8;11.7;7.5;7.9;14.4;15.2;230;0.47;102;122;-20.0;-0.1;0.0;-0.2;-0.008;110;16;20;44.4
VALERIO-BODON Vincent;2022-23;Sopron;30;772;25.7;224;7.5;16.2;305;10.2;22.1;12.6;15.3;14.4;14.5;239;0.50;120;109;11.0;1.4;1.2;2.6;0.134;462;16;14;53.3
ILLÉS Máté;2022-23;Oroszlány;36;767;21.3;120;3.3;8.7;164;4.6;11.8;6.0;7.7;21.5;20.1;267;0.38;96;115;-19.1;-0.7;0.5;-0.1;-0.008;104;18;18;50.0
Tyler ROBERSON;2022-23;Szedeák;25;764;30.6;284;11.3;20.4;387;15.5;27.9;19.8;19.5;23.6;23.6;364;0.56;111;112;-0.9;1.2;0.8;2.0;0.105;456;7;18;28.0
James BISHOP;2024-25;Oroszlány;24;763;31.8;202;8.4;14.5;273;11.4;19.6;13.8;12.2;26.6;26.2;358;0.43;98;119;-20.6;-0.7;0.2;-0.4;-0.023;156;7;17;29.2
TÓTH Ádám;2023-24;ZTE;35;760;21.7;286;8.2;20.5;390;11.1;27.9;15.0;19.3;23.4;23.3;387;0.59;119;117;1.5;1.8;0.5;2.3;0.122;512;16;19;45.7
ZSÍROS Péter;2024-25;Szedeák;36;760;21.1;152;4.2;11.2;206;5.7;15.1;7.2;10.6;14.4;13.7;200;0.40;107;114;-6.6;0.3;0.7;1.0;0.055;240;12;24;33.3
Matt FREEMAN;2024-25;Bp. Honvéd;26;759;29.2;182;7.0;13.2;245;9.4;17.8;12.8;11.4;18.8;18.1;255;0.43;102;107;-4.9;-0.1;1.5;1.4;0.073;295;12;14;46.2
Demajeo WIGGINS;2023-24;Szolnok;30;755;25.2;298;9.9;21.2;406;13.5;28.9;19.3;18.1;26.6;26.0;390;0.55;107;112;-5.4;0.4;1.0;1.4;0.074;448;18;12;60.0
De'Quon LAKE;2024-25;Atomerőmű SE;33;755;22.9;300;9.1;21.5;405;12.3;29.1;16.5;21.2;15.3;15.8;296;0.66;135;104;31.0;2.7;1.8;4.4;0.235;729;26;7;78.8
Denis KRESTININ;2022-23;Oroszlány;35;754;21.5;254;7.2;18.6;346;9.9;25.4;15.0;18.1;17.2;18.0;284;0.58;116;107;9.4;1.4;1.4;2.7;0.145;487;17;18;48.6
OMENAKA Godwin;2022-23;Körmend;38;751;19.8;313;8.2;22.6;428;11.3;30.8;15.5;22.4;20.2;20.6;340;0.59;119;109;10.1;1.8;1.2;3.0;0.160;606;20;18;52.6
BOGNÁR Kristóf;2024-25;Falco KC;36;751;20.9;310;8.6;22.7;419;11.6;30.7;14.8;20.7;18.7;19.4;341;0.60;129;99;29.8;2.6;2.3;4.9;0.262;783;32;4;88.9
Nikola DJOGO;2023-24;Körmend;28;750;26.8;271;9.7;19.4;370;13.2;26.5;17.6;17.0;22.0;21.5;346;0.52;115;114;1.4;1.2;0.9;2.1;0.112;449;13;15;46.4
Sebastian ÅRIS;2022-23;Kaposvár;23;743;32.3;252;10.9;18.3;344;14.9;25.0;19.0;17.0;20.6;20.3;344;0.51;123;117;6.6;2.3;0.3;2.6;0.139;482;10;13;43.5
IVKOVICS Milán;2023-24;Kecskemét;36;740;20.6;53;1.5;3.9;72;2.0;5.4;4.2;4.4;12.4;12.0;144;0.40;90;118;-28.4;-0.9;0.4;-0.5;-0.025;10;15;21;41.7
Nemanja NIKOLIĆ;2024-25;NKA Pécs;27;737;27.3;250;9.3;18.5;338;12.5;25.0;17.2;15.9;23.2;23.8;350;0.48;109;108;0.6;0.7;1.3;2.0;0.109;418;14;13;51.9
Taz SHERMAN;2022-23;Bp. Honvéd;25;731;29.2;246;9.8;18.1;335;13.4;24.7;14.6;16.1;26.3;25.3;366;0.45;107;114;-7.0;0.7;0.6;1.2;0.068;343;7;18;28.0
Jeriah HORNE;2024-25;Alba Fehérvár;25;731;29.2;243;9.7;17.9;328;13.1;24.2;16.5;16.1;19.2;17.8;285;0.49;118;114;3.8;1.4;0.7;2.1;0.112;427;12;13;48.0
Boris BARAĆ;2022-23;Falco KC;35;730;20.9;246;7.0;18.5;336;9.6;25.3;14.0;16.6;23.9;24.2;362;0.54;112;105;7.7;1.3;1.5;2.9;0.156;528;29;6;82.9
KUCSERA Dániel;2024-25;Sopron;31;730;23.5;148;4.8;11.1;200;6.4;15.0;8.9;10.8;14.9;13.9;202;0.45;109;108;1.4;0.4;1.3;1.8;0.097;309;14;17;45.2
Miloš GRUBOR;2024-25;Bp. Honvéd;26;729;28.1;220;8.5;16.6;298;11.5;22.4;13.8;14.4;23.2;21.3;297;0.42;105;110;-5.5;0.2;1.1;1.3;0.070;332;9;17;34.6
KOVÁCS Benedek;2022-23;Falco KC;37;728;19.7;140;3.8;10.6;191;5.2;14.4;7.0;10.2;12.7;12.0;187;0.51;118;105;12.3;1.0;1.5;2.4;0.134;376;30;7;81.1
PONGÓ Marcell;2023-24;Falco KC;36;728;20.2;269;7.5;19.8;367;10.2;27.0;13.1;17.7;18.5;20.0;325;0.50;120;95;24.7;1.6;2.7;4.3;0.236;684;31;5;86.1
LUKÁCS Norbert;2022-23;Szolnok;31;727;23.5;209;6.7;16.2;285;9.2;22.1;11.7;14.6;17.6;16.9;255;0.52;117;107;10.1;1.3;1.3;2.6;0.144;430;22;9;71.0
PONGÓ Máté;2023-24;Szolnok;37;727;19.6;220;6.0;16.2;300;8.1;22.1;10.3;14.3;15.9;17.2;278;0.50;119;113;5.9;1.3;0.9;2.2;0.121;437;22;15;59.5
Mike SCOTT;2022-23;DEAC;28;723;25.8;207;7.4;16.1;283;10.1;22.0;13.1;14.2;21.0;22.0;297;0.47;105;114;-8.9;0.4;0.6;0.9;0.052;292;12;16;42.9
FERENCZ Csaba;2023-24;Körmend;32;719;22.5;174;5.4;12.9;237;7.4;17.6;8.3;11.5;16.1;14.7;236;0.48;120;123;-3.9;1.1;-0.1;1.0;0.056;255;12;20;37.5
ZSÍROS Péter;2023-24;Szedeák;36;719;20.0;185;5.1;13.4;252;7.0;18.2;8.9;13.2;15.3;14.2;244;0.47;124;118;6.2;1.4;0.4;1.8;0.101;339;16;20;44.4
DURÁZI Krisztofer;2024-25;Körmend;26;712;27.4;255;9.8;18.9;344;13.2;25.6;16.9;17.3;22.0;21.3;337;0.56;118;121;-2.8;1.6;0.0;1.6;0.090;387;11;15;42.3
Kassim NICHOLSON;2022-23;Szedeák;20;711;35.6;275;13.7;21.4;375;18.8;29.1;21.7;20.1;21.8;20.9;329;0.57;122;112;10.1;2.1;0.7;2.9;0.162;511;11;9;55.0
DURÁZI Krisztofer;2022-23;Körmend;35;707;20.2;231;6.6;17.6;316;9.0;24.0;11.9;16.9;15.6;15.0;254;0.60;129;113;16.5;2.0;0.7;2.7;0.154;496;20;15;57.1
TÓTH Ádám;2024-25;ZTE;36;707;19.6;223;6.2;17.1;301;8.4;23.1;11.7;16.5;20.5;20.4;313;0.58;118;115;2.6;1.5;0.6;2.1;0.116;421;18;18;50.0
KERPEL-FRONIUS Gáspár;2024-25;NKA Pécs;30;705;23.5;156;5.2;12.1;211;7.0;16.3;11.2;11.4;12.1;14.2;195;0.49;106;103;3.1;0.2;1.7;2.0;0.112;323;19;11;63.3
Jacob CALLOWAY;2022-23;Oroszlány;30;704;23.5;278;9.3;21.8;380;12.7;29.7;14.9;20.7;23.0;21.9;331;0.49;118;107;11.4;1.8;1.3;3.0;0.173;536;16;14;53.3
FILIPOVICS Stefan;2024-25;Bp. Honvéd;30;704;23.5;336;11.2;26.3;454;15.1;35.5;21.0;23.5;28.1;27.3;405;0.57;116;105;11.0;1.8;1.6;3.3;0.188;613;13;17;43.3
KELLER Ákos;2024-25;Falco KC;36;701;19.5;232;6.4;18.1;313;8.7;24.5;12.2;16.6;17.0;17.0;257;0.56;119;99;19.3;1.3;2.1;3.4;0.195;560;32;4;88.9
J.D. PAIGE;2023-24;ZTE;25;698;27.9;256;10.2;20.0;348;13.9;27.3;16.3;18.3;21.7;20.5;313;0.52;120;115;4.6;1.6;0.7;2.2;0.127;478;10;15;40.0
Nemanja NIKOLIĆ;2023-24;NKA Pécs;27;698;25.9;259;9.6;19.6;353;13.1;26.8;18.7;16.7;23.7;24.4;357;0.50;111;109;2.6;0.9;1.3;2.2;0.123;437;13;14;48.1
BENKE Szilárd;2023-24;Falco KC;31;697;22.5;257;8.3;19.8;350;11.3;27.0;12.6;17.3;20.5;19.6;304;0.52;120;97;23.2;1.5;2.4;3.9;0.226;642;26;5;83.9
Marvin CLARK;2024-25;Falco KC;33;697;21.1;192;5.8;15.2;260;7.9;20.5;9.8;13.4;18.9;16.9;258;0.51;120;107;13.4;1.4;1.4;2.8;0.160;461;29;4;87.9
TAKÁCS Kristóf;2024-25;Sopron;34;692;20.4;172;5.1;13.5;233;6.8;18.3;11.1;12.8;20.0;20.3;262;0.50;102;109;-7.4;-0.1;1.1;1.0;0.058;256;16;18;47.1
Juwan DURHAM;2022-23;Sopron;30;689;23.0;279;9.3;22.6;380;12.7;30.8;17.0;21.7;18.8;17.8;270;0.61;123;102;20.5;1.8;1.7;3.5;0.203;596;17;13;56.7
FILIPOVICS Stefan;2023-24;Bp. Honvéd;34;688;20.2;231;6.8;18.5;315;9.3;25.2;13.7;17.3;23.9;23.7;321;0.53;108;107;1.1;0.5;1.4;1.9;0.110;391;16;18;47.1
MOLNÁR Márton;2023-24;Sopron;32;687;21.5;243;7.6;19.2;331;10.3;26.2;13.3;18.4;15.6;16.2;260;0.62;127;113;13.9;1.8;0.8;2.6;0.152;468;14;18;43.8
Miloš KOPRIVICA;2023-24;Kaposvár;34;686;20.2;223;6.6;18.2;305;9.0;24.8;12.8;17.2;23.9;23.7;328;0.57;113;122;-8.7;1.0;0.0;1.0;0.061;308;12;22;35.3
TAKÁCS Kristóf;2023-24;Körmend;35;685;19.6;158;4.5;12.4;216;6.2;16.9;8.5;11.2;17.2;16.7;240;0.52;112;121;-8.8;0.7;0.1;0.7;0.044;219;14;21;40.0
Trey MCGOWENS;2024-25;ZTE;27;685;25.4;259;9.6;20.8;351;13.0;28.1;17.8;18.0;28.4;28.0;368;0.48;105;110;-4.6;0.3;1.1;1.4;0.079;399;13;14;48.1
IVKOVICS Milán;2024-25;Kecskemét;32;683;21.3;103;3.2;8.6;139;4.4;11.6;6.3;8.1;15.8;15.1;180;0.46;100;116;-16.5;-0.2;0.4;0.2;0.012;119;12;20;37.5
BAZSÓ Brúnó;2023-24;Bp. Honvéd;33;681;20.6;58;1.8;4.7;79;2.4;6.4;5.2;4.8;8.9;8.8;100;0.39;92;110;-18.0;-0.5;1.1;0.6;0.038;113;15;18;45.5
PALLAI Tamás;2023-24;Szolnok;34;681;20.0;148;4.4;11.7;202;5.9;15.9;7.4;10.5;14.3;14.1;200;0.44;112;114;-2.0;0.5;0.8;1.3;0.076;277;20;14;58.8
Vuk VULIKIĆ;2024-25;Szedeák;18;679;37.7;201;11.1;17.0;271;15.1;22.9;21.0;13.9;25.8;26.8;328;0.45;103;112;-8.1;0.1;0.9;0.9;0.055;273;8;10;44.4
Arsenije VUČKOVIĆ;2024-25;Körmend;29;678;23.4;226;7.8;17.8;306;10.5;24.1;14.1;16.7;23.6;23.3;315;0.53;106;116;-10.0;0.4;0.4;0.8;0.047;287;14;15;48.3
MOLNÁR Márton;2022-23;Sopron;36;671;18.6;280;7.8;23.4;383;10.6;31.9;13.3;22.9;17.4;17.8;294;0.68;138;110;28.4;3.1;0.9;4.0;0.237;618;18;18;50.0
MOKÁNSZKI Máté;2024-25;PVSK;35;670;19.2;139;4.0;11.1;188;5.4;15.0;7.8;10.5;18.5;17.6;229;0.45;104;120;-15.8;0.1;0.1;0.2;0.011;151;7;28;20.0
KRNJAJSZKI Borisz;2023-24;Kaposvár;34;669;19.7;145;4.3;12.1;198;5.8;16.5;9.1;11.0;15.9;17.0;218;0.47;106;120;-13.7;0.2;0.2;0.4;0.022;175;12;22;35.3
Stefan POT;2023-24;Falco KC;36;668;18.6;314;8.7;25.3;429;11.9;34.4;16.8;21.9;24.5;26.9;419;0.57;125;98;26.7;2.6;2.2;4.8;0.288;779;31;5;86.1
Jimmy GAVIN;2022-23;Szolnok;30;666;22.2;175;5.8;14.7;238;7.9;20.1;10.1;12.6;21.7;20.7;282;0.47;115;111;3.7;1.3;0.8;2.1;0.123;346;23;7;76.7
Rytis PIPIRAS;2022-23;NYBS;21;663;31.6;194;9.2;15.7;265;12.6;21.4;16.4;14.4;22.0;21.3;280;0.47;106;118;-11.9;0.5;0.1;0.6;0.034;236;3;18;14.3
Miloš GRUBOR;2022-23;Atomerőmű SE;27;662;24.5;203;7.5;16.7;277;10.3;22.8;13.0;15.0;19.4;17.8;248;0.46;115;105;9.2;1.1;1.3;2.4;0.144;408;16;11;59.3
TÓTH Ádám;2022-23;DEAC;33;662;20.1;206;6.2;17.4;280;8.5;23.8;11.7;16.4;21.4;21.1;275;0.54;110;110;0.0;0.8;0.9;1.7;0.102;344;17;16;51.5
Darrin GOVENS;2022-23;DEAC;21;658;31.3;216;10.3;18.5;295;14.0;25.3;17.7;16.6;21.3;22.7;283;0.47;107;107;-0.5;0.5;1.1;1.7;0.101;345;12;9;57.1
Rastko DRAMIĆANIN;2023-24;Kecskemét;34;658;19.4;262;7.7;22.0;358;10.5;30.0;13.0;20.5;23.2;22.4;328;0.56;122;115;7.3;1.9;0.6;2.5;0.153;474;14;20;41.2
KOVÁCS Péter;2023-24;NKA Pécs;29;657;22.7;90;3.1;7.3;123;4.3;10.0;5.8;6.5;15.4;14.8;170;0.40;93;111;-17.9;-0.7;1.0;0.3;0.017;111;13;16;44.8
Strahinja JOVANOVIĆ;2023-24;Szolnok;24;649;27.0;286;11.9;23.5;390;16.2;32.1;21.3;19.5;26.2;27.3;385;0.52;116;115;1.6;1.5;0.7;2.2;0.134;515;14;10;58.3
TAKÁCS Milán;2024-25;ZTE;35;649;18.5;99;2.8;8.4;134;3.8;11.3;5.5;8.1;13.7;13.7;168;0.48;103;115;-12.5;0.0;0.5;0.5;0.030;149;17;18;48.6
MOLNÁR Márton;2024-25;Sopron;36;648;18.0;225;6.3;18.9;304;8.4;25.5;11.4;18.5;18.8;18.5;270;0.60;123;111;11.8;1.6;0.9;2.6;0.158;441;17;19;47.2
BRBAKLICS Aleksza;2024-25;NKA Pécs;33;648;19.6;135;4.1;11.3;183;5.5;15.3;9.0;11.0;12.2;13.0;165;0.50;106;106;0.6;0.2;1.4;1.6;0.097;270;19;14;57.6
KRNJAJSZKI Borisz;2022-23;Kaposvár;27;647;24.0;165;6.1;14.0;225;8.3;19.1;10.9;12.7;18.8;19.0;240;0.48;107;117;-10.1;0.4;0.2;0.7;0.042;218;9;18;33.3
CAREV Alekszej;2022-23;Oroszlány;34;646;19.0;107;3.1;9.1;145;4.3;12.4;5.9;8.7;17.6;16.9;201;0.44;102;115;-13.2;0.0;0.4;0.4;0.026;140;17;17;50.0
BALOGH Szilárd;2024-25;Szedeák;35;645;18.4;90;2.6;7.8;121;3.5;10.5;6.8;7.0;17.8;18.9;189;0.41;87;114;-27.5;-1.4;0.6;-0.8;-0.049;18;12;23;34.3
SIMON Kristóf;2024-25;Bp. Honvéd;32;643;20.1;118;3.7;10.2;160;5.0;13.7;10.3;9.0;17.6;19.0;218;0.42;98;108;-10.4;-0.4;1.1;0.7;0.043;175;14;18;43.8
Miloš BORISOV;2022-23;Kecskemét;26;639;24.6;198;7.6;17.1;271;10.4;23.3;13.1;15.0;24.5;23.6;281;0.43;102;107;-4.8;0.0;1.1;1.2;0.073;304;15;11;57.7
KASS Balázs;2022-23;NYBS;31;635;20.5;67;2.1;5.6;91;2.9;7.6;4.9;5.3;15.1;15.5;158;0.36;86;118;-32.7;-1.1;0.1;-1.0;-0.064;-24;4;27;12.9
Andre WESSON;2023-24;Bp. Honvéd;23;632;27.5;169;7.3;14.7;230;10.0;20.1;13.8;12.7;24.6;23.8;272;0.43;100;106;-6.4;-0.4;1.4;1.0;0.060;244;14;9;60.9
Antonio JORDANO;2023-24;Falco KC;35;630;18.0;158;4.5;13.4;215;6.1;18.3;6.7;11.8;17.1;15.4;214;0.44;119;103;15.9;1.0;1.7;2.7;0.169;413;30;5;85.7
Zach BROWN;2022-23;Falco KC;27;626;23.2;190;7.0;16.5;259;9.6;22.5;12.0;15.4;18.1;17.8;238;0.50;116;100;15.5;1.1;1.7;2.8;0.179;443;22;5;81.5
KUCSERA Dániel;2023-24;Kecskemét;35;625;17.9;135;3.9;12.0;184;5.3;16.3;7.5;12.0;13.5;13.3;171;0.49;114;113;0.7;0.6;0.8;1.3;0.085;248;15;20;42.9
RUDNER Gábor;2024-25;Szolnok;34;622;18.3;110;3.2;9.4;148;4.4;12.7;6.0;9.2;13.7;13.1;168;0.45;110;111;-0.7;0.4;0.8;1.3;0.082;232;24;10;70.6
KERPEL-FRONIUS Gáspár;2023-24;NKA Pécs;33;619;18.8;171;5.2;14.6;234;7.1;19.9;9.7;13.7;12.1;14.1;198;0.55;119;109;9.9;0.9;1.1;2.0;0.131;343;15;18;45.5
ANTONI Csanád;2024-25;PVSK;34;615;18.1;98;2.9;8.6;132;3.9;11.6;4.7;7.8;16.4;15.2;175;0.41;101;123;-22.1;-0.1;-0.2;-0.3;-0.021;68;7;27;20.6
Isiah BROWN;2022-23;Kaposvár;20;613;30.7;201;10.1;17.8;274;13.7;24.2;17.8;16.0;28.0;26.9;324;0.47;106;114;-7.9;0.5;0.5;1.0;0.064;282;9;11;45.0
PAJOR Dávid;2022-23;Atomerőmű SE;35;610;17.4;14;0.4;1.3;19;0.6;1.7;3.1;1.8;11.9;11.9;105;0.33;79;113;-33.6;-1.1;0.6;-0.6;-0.038;-37;18;17;51.4
Erik COPES;2022-23;NYBS;22;606;27.5;236;10.7;20.8;322;14.6;28.4;19.5;19.9;24.5;24.1;295;0.53;108;115;-6.9;0.6;0.4;1.0;0.068;314;3;19;13.6
Jay HEATH;2024-25;Szedeák;18;606;33.7;188;10.5;16.9;254;14.1;22.9;16.7;13.9;29.8;28.1;306;0.42;98;120;-21.8;-0.6;0.1;-0.5;-0.033;143;3;15;16.7
Jimmie TAYLOR;2022-23;DEAC;29;598;20.6;190;6.6;18.0;260;9.0;24.5;13.5;17.5;17.8;18.2;218;0.57;113;108;4.8;0.8;1.0;1.8;0.121;357;14;15;48.3
Kwame VAUGHN;2024-25;PVSK;17;595;35.0;203;12.0;18.6;275;16.2;25.1;20.8;16.1;23.6;23.6;285;0.50;110;118;-7.8;0.7;0.2;0.9;0.064;273;5;12;29.4
BALOGH Szilárd;2023-24;Szedeák;34;594;17.5;102;3.0;9.0;140;4.1;12.2;6.3;8.5;14.4;15.1;179;0.49;104;121;-17.6;0.0;0.1;0.0;0.003;103;16;18;47.1
Tyree EADY;2024-25;Szedeák;16;594;37.2;161;10.1;15.4;217;13.6;20.8;17.3;13.5;19.9;19.4;215;0.49;106;110;-3.8;0.2;0.9;1.2;0.078;249;8;8;50.0
PLÉZER Gábor;2024-25;PVSK;35;593;16.9;72;2.1;6.6;98;2.8;8.9;4.2;6.0;14.0;13.6;147;0.43;98;126;-27.6;-0.3;-0.4;-0.7;-0.045;12;7;28;20.0
PUSKA Bence;2022-23;Kaposvár;34;592;17.4;64;1.9;5.9;88;2.6;8.1;4.1;6.2;11.7;11.4;131;0.45;106;120;-14.3;0.2;-0.1;0.1;0.009;74;12;22;35.3
KRNJAJSZKI Borisz;2024-25;Szolnok;36;589;16.3;125;3.5;11.4;169;4.7;15.4;7.4;10.3;14.9;15.4;188;0.50;111;112;-0.4;0.5;0.8;1.3;0.087;250;26;10;72.2
NÉMETH Ákos;2023-24;ZTE;36;588;16.3;114;3.2;10.5;155;4.3;14.4;7.0;9.9;16.2;16.5;181;0.46;101;116;-15.0;-0.2;0.5;0.3;0.020;145;16;20;44.4
KRIVACSEVICS Markó;2024-25;Alba Fehérvár;35;588;16.8;165;4.7;15.1;223;6.4;20.4;10.0;15.3;15.2;15.9;216;0.61;124;120;4.0;1.4;0.1;1.4;0.098;288;15;20;42.9
TANOH DEZ András;2023-24;Falco KC;36;583;16.2;135;3.8;12.5;185;5.1;17.0;7.3;11.3;16.8;16.3;196;0.52;111;100;10.3;0.4;1.7;2.2;0.150;347;31;5;86.1
Tulio DA SILVA;2023-24;Sopron;21;583;27.8;193;9.2;18.2;264;12.6;24.9;16.1;16.8;17.6;16.8;207;0.55;117;108;9.0;0.8;1.2;2.0;0.139;375;11;10;52.4
SOMOGYI Ádám;2024-25;Szolnok;20;580;29.0;227;11.3;21.0;307;15.3;28.4;21.6;18.0;22.3;24.2;302;0.51;115;111;4.2;1.2;0.8;2.0;0.138;438;14;6;70.0
Trey DIGGS;2024-25;Falco KC;32;578;18.1;196;6.1;18.6;264;8.3;25.1;9.2;16.7;20.1;17.2;233;0.48;129;106;22.6;1.8;1.2;3.0;0.206;484;28;4;87.5
CSENDES Péter;2023-24;Sopron;33;576;17.5;72;2.2;6.8;99;3.0;9.3;4.8;6.4;11.9;11.9;127;0.40;101;117;-16.5;-0.2;0.4;0.2;0.016;91;14;19;42.4
SCHERER Bálint;2023-24;NKA Pécs;34;568;16.7;95;2.8;8.9;130;3.8;12.1;5.5;8.8;13.3;12.9;145;0.44;105;110;-4.5;0.1;1.0;1.0;0.073;183;15;19;44.1
DURÁZI Krisztofer;2023-24;Körmend;24;567;23.6;186;7.7;17.6;253;10.5;24.0;14.2;15.9;21.4;20.7;242;0.56;111;115;-4.8;0.5;0.5;1.1;0.075;280;8;16;33.3
KISS Benedek;2022-23;NYBS;34;562;16.5;18;0.5;1.7;24;0.7;2.3;1.8;1.9;10.7;10.1;86;0.34;81;122;-40.8;-0.8;-0.2;-1.0;-0.073;-72;3;31;8.8
MESZLÉNYI Róbert;2023-24;Sopron;33;560;17.0;61;1.8;5.9;83;2.5;8.1;4.5;5.9;9.2;9.7;97;0.42;97;115;-18.5;-0.3;0.5;0.3;0.018;82;14;19;42.4
Kahlil DUKES;2024-25;Atomerőmű SE;21;558;26.6;141;6.7;13.7;190;9.0;18.5;11.6;12.0;20.5;20.8;230;0.47;107;112;-4.7;0.4;0.7;1.0;0.075;246;15;6;71.4
HAJDU Péter;2024-25;Bp. Honvéd;35;556;15.9;50;1.4;4.9;67;1.9;6.7;3.3;5.0;11.5;11.1;109;0.39;97;113;-15.2;-0.2;0.7;0.4;0.029;84;14;21;40.0
Maliek WHITE;2023-24;Atomerőmű SE;18;552;30.7;168;9.4;16.6;230;12.8;22.7;16.5;13.8;26.2;25.6;265;0.46;102;116;-13.6;-0.2;0.5;0.3;0.022;195;7;11;38.9
ILLÉS Máté;2024-25;Oroszlány;34;550;16.2;40;1.2;4.0;55;1.6;5.4;3.3;3.6;15.7;15.3;132;0.33;85;119;-33.8;-1.0;0.1;-0.9;-0.066;-40;11;23;32.4
SCHÖLL Richárd;2024-25;Kecskemét;36;545;15.2;93;2.6;9.7;126;3.5;13.1;6.4;10.7;10.4;11.6;131;0.58;118;115;2.7;0.7;0.4;1.1;0.080;186;13;23;36.1
Isaiah CRAWLEY;2022-23;Bp. Honvéd;19;544;28.6;172;9.1;16.9;235;12.4;23.0;18.8;15.9;22.2;21.8;229;0.48;103;107;-4.6;0.1;0.9;1.0;0.074;249;6;13;31.6
Boris BARAĆ;2023-24;Falco KC;33;544;16.5;179;5.4;17.7;245;7.4;24.1;10.4;15.8;18.1;18.1;219;0.58;119;99;20.2;1.1;1.7;2.8;0.203;446;28;5;84.8
MESZLÉNYI Róbert;2024-25;Sopron;32;544;17.0;81;2.5;8.1;110;3.4;10.9;5.4;8.2;10.3;10.8;115;0.45;106;109;-3.2;0.1;0.9;1.0;0.074;166;16;16;50.0
KOVÁCS Ákos;2022-23;Atomerőmű SE;19;536;28.2;137;7.2;14.0;188;9.9;19.1;12.9;12.1;22.7;22.6;224;0.45;101;110;-9.1;-0.1;0.7;0.6;0.048;195;11;8;57.9
POLSTER Attila;2022-23;ZTE;37;533;14.4;61;1.7;6.2;84;2.3;8.5;3.1;6.6;11.0;10.2;110;0.43;111;117;-6.5;0.3;0.2;0.5;0.039;111;20;17;54.1
KERPEL-FRONIUS Balázs;2022-23;Szedeák;31;525;16.9;55;1.8;5.8;75;2.4;7.9;4.0;5.9;8.8;8.4;85;0.47;106;115;-8.9;0.1;0.3;0.5;0.036;95;13;18;41.9
RÉVÉSZ Ádám;2022-23;Szolnok;35;523;14.9;223;6.4;24.1;305;8.7;32.9;11.0;22.7;19.1;18.9;236;0.64;134;103;31.0;2.3;1.2;3.5;0.265;520;26;9;74.3
Aaron JONES;2024-25;ZTE;21;523;24.9;166;7.9;17.6;224;10.7;23.8;13.6;16.8;15.8;16.3;171;0.51;112;105;7.4;0.5;1.2;1.7;0.132;340;10;11;47.6
TAKÁCS Zsolt;2024-25;Oroszlány;35;517;14.8;121;3.5;12.8;163;4.7;17.2;6.9;12.3;18.2;18.1;179;0.44;104;113;-9.2;0.1;0.6;0.6;0.048;171;11;24;31.4
Anthony ROBERTS;2023-24;Alba Fehérvár;23;515;22.4;212;9.2;21.5;289;12.6;29.3;15.0;18.7;27.1;25.1;289;0.51;117;113;3.9;1.1;0.7;1.8;0.140;386;17;6;73.9
Marko LUKOVIĆ;2023-24;Kecskemét;21;513;24.4;224;10.7;24.4;305;14.5;33.2;17.3;21.7;27.8;26.9;290;0.54;117;116;0.7;1.3;0.4;1.7;0.129;359;8;13;38.1
KOPÁCSI Ákos;2024-25;Bp. Honvéd;34;513;15.1;100;2.9;10.7;135;4.0;14.5;5.9;10.6;11.0;11.7;129;0.48;118;111;7.4;0.6;0.7;1.4;0.106;216;13;21;38.2
Jordan WILLIAMS;2022-23;NYBS;19;511;26.9;121;6.4;12.5;165;8.7;17.1;13.4;11.9;18.9;19.4;179;0.47;96;116;-20.4;-0.4;0.3;-0.2;-0.014;104;2;17;10.5
Miloš GLIŠIĆ;2024-25;Szedeák;14;509;36.4;196;14.0;22.0;264;18.9;29.7;24.3;20.1;18.8;18.1;205;0.59;127;108;19.1;1.6;0.9;2.5;0.194;394;7;7;50.0
De'Sean PARSONS;2022-23;Kaposvár;16;508;31.8;174;10.9;18.5;237;14.8;25.3;20.4;17.6;21.5;22.1;226;0.54;109;110;-1.0;0.6;0.7;1.3;0.099;276;7;9;43.8
HALMAI Dániel;2023-24;Kaposvár;35;502;14.3;138;3.9;15.3;188;5.4;20.9;8.5;14.9;17.7;19.6;208;0.53;118;120;-1.8;1.0;0.1;1.1;0.088;231;12;23;34.3
HALMAI Dániel;2024-25;Atomerőmű SE;37;502;13.6;96;2.6;10.4;129;3.5;14.0;6.4;10.7;12.3;14.0;145;0.51;112;105;7.1;0.4;1.1;1.6;0.125;246;29;8;78.4
PAÁR Márk;2023-24;Kaposvár;28;500;17.9;117;4.2;13.0;159;5.7;17.7;7.6;12.6;14.6;14.9;163;0.52;123;121;1.3;1.0;0.0;1.0;0.080;202;11;17;39.3
RÉVÉSZ Ádám;2024-25;Atomerőmű SE;30;496;16.5;140;4.7;15.4;189;6.3;20.7;8.7;15.2;11.6;12.5;154;0.63;135;106;29.4;1.4;1.0;2.4;0.196;369;24;6;80.0
Keith WRIGHT;2023-24;Atomerőmű SE;19;495;26.1;152;8.0;16.7;207;10.9;22.7;15.9;15.7;19.8;19.9;199;0.52;110;112;-2.4;0.4;0.7;1.1;0.086;248;8;11;42.1
Tadija TADIĆ;2023-24;DEAC;24;492;20.5;138;5.7;16.0;188;7.8;21.8;11.6;14.5;21.8;22.1;204;0.45;107;112;-5.5;0.2;0.7;0.9;0.071;212;9;15;37.5
Justin EDWARDS;2022-23;Körmend;23;490;21.3;118;5.1;13.1;161;7.0;17.8;10.3;12.2;20.4;21.0;191;0.47;101;112;-10.8;-0.1;0.5;0.5;0.039;171;14;9;60.9
KOVÁCS Ákos;2023-24;Atomerőmű SE;26;490;18.8;83;3.2;9.1;113;4.3;12.4;6.2;7.8;19.4;19.4;170;0.42;96;120;-23.5;-0.5;0.1;-0.3;-0.029;50;10;16;38.5
IVKOVICS Milán;2022-23;Kecskemét;33;486;14.7;27;0.8;3.1;37;1.1;4.2;2.5;3.2;14.6;13.7;98;0.33;82;113;-31.4;-0.9;0.4;-0.5;-0.042;-18;16;17;48.5
KUCSERA Dániel;2022-23;Kecskemét;31;484;15.6;78;2.5;8.9;106;3.4;12.1;4.8;8.8;14.5;13.8;120;0.41;100;109;-9.3;-0.1;0.7;0.6;0.051;132;16;15;51.6
KASS Balázs;2023-24;Alba Fehérvár;36;482;13.4;81;2.2;8.8;110;3.1;12.1;4.3;8.4;11.7;12.0;127;0.46;116;114;2.2;0.5;0.6;1.0;0.086;180;28;8;77.8
HENDLEIN Roland;2022-23;Kaposvár;29;481;16.6;93;3.2;10.5;127;4.4;14.4;6.7;10.8;12.6;13.2;130;0.49;111;115;-4.5;0.4;0.3;0.7;0.057;153;12;17;41.4
FILIPOVITY Márkó;2023-24;Kaposvár;14;479;34.2;165;11.8;19.4;225;16.1;26.5;19.7;17.4;22.6;20.7;208;0.49;118;123;-4.7;1.0;0.0;0.9;0.077;232;4;10;28.6
TAKÁCS Milán;2022-23;Alba Fehérvár;37;478;12.9;97;2.6;11.1;132;3.6;15.1;4.7;11.5;10.4;11.3;118;0.53;119;106;12.8;0.7;0.9;1.6;0.130;248;26;11;70.3
FAZEKAS Csaba;2022-23;NYBS;29;477;16.4;59;2.0;6.6;81;2.8;9.0;3.4;5.3;20.6;19.6;144;0.35;81;118;-37.0;-1.3;0.1;-1.3;-0.107;-53;4;25;13.8
Kenny WOOTEN;2023-24;Atomerőmű SE;23;476;20.7;189;8.2;21.1;258;11.2;28.7;15.0;20.8;14.6;14.6;172;0.65;132;110;21.8;1.3;0.8;2.1;0.179;370;12;11;52.2
RUDNER Gábor;2022-23;Szolnok;31;470;15.2;119;3.8;14.3;163;5.3;19.5;6.6;13.6;16.3;15.3;162;0.48;126;111;15.2;1.3;0.5;1.8;0.153;276;22;9;71.0
SITKU Márton;2022-23;Sopron;36;467;13.0;95;2.6;11.4;130;3.6;15.5;5.5;10.8;14.4;14.2;125;0.47;105;110;-4.5;0.2;0.7;0.8;0.069;162;17;19;47.2
Amadou SIDIBÉ;2023-24;Sopron;21;465;22.1;153;7.3;18.0;209;10.0;24.6;14.1;16.4;21.1;20.3;199;0.54;115;114;1.5;0.7;0.5;1.3;0.109;262;11;10;52.4
BALSAY Ádám;2023-24;Oroszlány;31;463;14.9;78;2.5;8.7;106;3.4;11.9;5.4;9.0;11.6;11.7;114;0.49;110;112;-2.0;0.2;0.7;0.9;0.076;153;14;17;45.2
KUCSORA Csaba;2023-24;Atomerőmű SE;24;461;19.2;102;4.2;11.7;139;5.8;15.9;7.3;11.0;16.6;15.4;145;0.47;108;117;-8.8;0.2;0.3;0.5;0.046;144;12;12;50.0
BOGDÁN Benedek;2022-23;Kaposvár;34;459;13.5;55;1.6;6.5;75;2.2;8.9;4.2;6.7;11.4;12.1;99;0.45;97;117;-19.7;-0.2;0.2;0.0;-0.001;52;12;22;35.3
RÉVÉSZ Ádám;2023-24;Szolnok;34;457;13.4;118;3.5;13.8;160;4.7;18.9;7.3;13.5;14.2;15.0;155;0.57;122;111;10.8;0.8;0.7;1.5;0.135;268;21;13;61.8
SCHERER Bálint;2024-25;NKA Pécs;32;455;14.2;54;1.7;6.4;73;2.3;8.7;3.6;6.4;13.7;12.8;108;0.41;101;109;-7.7;-0.1;0.8;0.7;0.060;112;19;13;59.4
Jordan WALKER;2023-24;NKA Pécs;19;452;23.8;171;9.0;20.1;233;12.2;27.4;14.4;17.1;27.2;25.7;240;0.48;110;107;2.6;0.4;0.9;1.4;0.123;281;9;10;47.4
Chris PAYTON;2024-25;PVSK;15;452;30.1;188;12.5;22.1;254;16.9;29.8;22.6;20.7;25.3;25.5;226;0.50;104;112;-8.2;0.1;0.6;0.6;0.056;245;2;13;13.3
Marcus LEWIS;2024-25;Szolnok;16;452;28.3;117;7.3;13.9;158;9.9;18.8;11.7;11.8;23.4;22.0;189;0.44;102;107;-5.4;-0.1;0.8;0.8;0.069;187;12;4;75.0
BALOGH Szilárd;2022-23;Szedeák;35;451;12.9;71;2.0;8.7;97;2.8;11.8;4.7;8.3;15.0;16.0;129;0.46;99;114;-15.1;-0.2;0.4;0.2;0.018;87;14;21;40.0
Olekszandr MISULA;2023-24;ZTE;20;445;22.3;116;5.8;13.9;158;7.9;19.0;10.1;12.0;26.4;25.0;210;0.42;101;120;-18.4;-0.2;0.1;-0.1;-0.005;110;9;11;45.0
Shamiel STEVENSON;2023-24;Oroszlány;17;439;25.8;162;9.5;19.0;221;13.0;26.0;16.1;17.4;22.0;21.1;201;0.52;111;110;1.1;0.5;0.7;1.2;0.109;254;11;6;64.7
CSUTI Kornél;2024-25;Oroszlány;36;438;12.2;48;1.3;6.0;65;1.8;8.1;3.6;6.3;16.9;16.3;121;0.44;93;117;-24.7;-0.5;0.2;-0.3;-0.027;20;11;25;30.6
Elijah CLARANCE;2023-24;Atomerőmű SE;14;434;31.0;173;12.4;21.0;236;16.9;28.6;21.5;17.5;29.9;29.0;258;0.49;108;117;-8.9;0.3;0.3;0.6;0.060;217;8;6;57.1
Shane HENRY;2022-23;Oroszlány;22;433;19.7;195;8.9;25.1;266;12.1;34.2;15.9;24.4;21.2;20.6;199;0.62;124;104;20.1;1.4;0.9;2.4;0.217;388;12;10;54.5
HAJDU Péter;2023-24;Bp. Honvéd;30;432;14.4;61;2.0;7.8;84;2.8;10.7;4.1;8.0;12.3;11.8;99;0.42;107;111;-4.5;0.1;0.6;0.7;0.069;124;13;17;43.3
MÓCSÁN Bálint;2024-25;DEAC;18;431;24.0;94;5.2;12.2;127;7.1;16.4;8.8;10.3;20.5;19.5;148;0.38;98;107;-9.3;-0.3;0.8;0.5;0.049;143;10;8;55.6
Mike MOORE;2022-23;Körmend;15;430;28.7;170;11.3;21.3;232;15.5;29.0;17.8;20.2;21.8;20.1;200;0.51;125;115;10.1;1.4;0.3;1.7;0.158;323;7;8;46.7
Remy ABELL;2024-25;NKA Pécs;14;430;30.7;158;11.3;19.9;214;15.3;26.9;17.0;17.1;26.1;24.3;213;0.50;110;112;-2.3;0.5;0.5;1.0;0.095;250;7;7;50.0
KISS Mátyás;2023-24;Körmend;34;428;12.6;40;1.2;5.1;55;1.6;6.9;3.0;5.3;10.8;11.1;86;0.40;97;118;-21.2;-0.2;0.2;0.0;-0.001;39;14;20;41.2
VÖLGYI Marcell;2022-23;Bp. Honvéd;25;427;17.1;73;2.9;9.3;99;4.0;12.7;8.1;10.1;13.4;14.4;122;0.54;108;109;-0.9;0.3;0.6;0.9;0.085;149;7;18;28.0
James JEAN-MARIE;2023-24;Kaposvár;18;426;23.7;129;7.2;16.9;176;9.8;23.0;12.4;15.8;21.0;21.3;181;0.55;111;122;-11.2;0.5;0.0;0.4;0.040;163;7;11;38.9
HAJDU Péter;2022-23;Bp. Honvéd;34;424;12.5;36;1.1;4.7;49;1.5;6.4;2.6;5.2;12.8;12.3;90;0.40;95;114;-19.8;-0.3;0.3;0.0;0.004;39;9;25;26.5
KOPÁCSI Ákos;2023-24;Bp. Honvéd;33;420;12.7;18;0.6;2.4;25;0.8;3.3;2.4;2.7;11.2;11.7;68;0.31;76;109;-33.4;-1.0;0.7;-0.2;-0.021;-1;16;17;48.5
MUCZA Tamás;2024-25;Bp. Honvéd;29;418;14.4;62;2.1;8.1;83;2.9;11.0;4.2;7.1;14.1;14.3;105;0.45;97;114;-16.8;-0.2;0.4;0.2;0.015;74;10;19;34.5
TAKÁCS Milán;2023-24;Alba Fehérvár;35;417;11.9;59;1.7;7.4;80;2.3;10.1;3.6;7.9;11.2;11.5;105;0.46;116;112;3.5;0.4;0.6;1.0;0.092;149;27;8;77.1
Eric ADAMS;2022-23;Körmend;21;416;19.8;86;4.1;11.3;118;5.6;15.4;9.1;10.9;18.1;17.8;131;0.43;96;108;-12.3;-0.3;0.6;0.4;0.034;126;12;9;57.1
ZSÍROS Péter;2022-23;ZTE;38;416;10.9;71;1.9;9.2;97;2.5;12.6;3.3;9.1;14.3;13.2;111;0.43;110;115;-5.6;0.3;0.3;0.6;0.054;125;21;17;55.3
RUDNER Gábor;2023-24;Szolnok;31;416;13.4;39;1.2;5.0;53;1.7;6.8;3.3;5.0;14.5;13.8;102;0.40;96;116;-19.8;-0.3;0.4;0.0;0.004;45;19;12;61.3
CSÁTALJAY Péter;2023-24;ZTE;33;415;12.6;44;1.3;5.8;60;1.8;7.9;3.3;6.3;11.3;11.3;90;0.46;105;120;-15.7;0.0;0.1;0.1;0.011;57;13;20;39.4
Tristan IKPE;2023-24;ZTE;16;415;25.9;117;7.3;15.7;160;10.0;21.4;12.9;15.1;18.2;18.5;145;0.50;105;111;-6.4;0.1;0.6;0.7;0.064;191;7;9;43.8
NÉMETH Ákos;2024-25;Alba Fehérvár;27;412;15.2;98;3.6;12.8;132;4.9;17.2;6.9;12.4;11.0;12.3;119;0.56;126;122;4.3;0.8;0.0;0.8;0.075;162;11;16;40.7
MELEG Gergő;2023-24;NKA Pécs;18;411;22.8;156;8.7;19.8;212;11.8;27.0;15.1;18.4;22.9;22.6;197;0.52;111;106;5.7;0.5;0.9;1.4;0.137;284;9;9;50.0
COHILL Eric;2024-25;Szedeák;34;409;12.0;49;1.4;6.7;66;2.0;9.1;3.3;6.6;16.6;16.4;112;0.43;94;116;-22.6;-0.4;0.3;-0.2;-0.017;33;12;22;35.3
HŐGYE Patrik;2023-24;DEAC;29;407;14.0;24;0.8;3.3;33;1.1;4.5;2.7;4.2;11.0;11.1;70;0.37;87;111;-23.2;-0.5;0.6;0.1;0.012;35;13;16;44.8
Lovre BAŠIĆ;2023-24;Körmend;14;407;29.1;148;10.6;19.1;202;14.4;26.0;18.5;15.8;20.9;24.2;219;0.48;117;122;-5.4;0.9;0.0;0.9;0.085;218;7;7;50.0
GÉRINGER Gergő;2023-24;Atomerőmű SE;26;406;15.6;84;3.2;10.9;114;4.4;14.9;5.5;10.7;12.6;12.1;110;0.45;119;117;1.5;0.5;0.3;0.8;0.076;149;15;11;57.7
HŐGYE Patrik;2024-25;DEAC;31;405;13.1;76;2.4;10.5;102;3.3;14.1;5.2;11.0;14.5;14.9;114;0.48;105;105;0.2;0.1;0.9;1.0;0.098;163;18;13;58.1
POLÁNYI Kristóf;2022-23;Szedeák;36;403;11.2;58;1.6;8.0;79;2.2;10.9;3.1;8.5;14.2;13.6;102;0.40;102;111;-8.1;0.0;0.5;0.5;0.053;103;14;22;38.9
KOVÁCS Ákos;2024-25;DEAC;27;399;14.8;111;4.1;15.6;150;5.6;21.1;7.3;14.6;17.9;17.6;137;0.53;109;107;1.9;0.3;0.8;1.1;0.107;202;16;11;59.3
KISS Benedek;2024-25;Körmend;33;398;12.1;36;1.1;4.7;48;1.5;6.4;2.4;5.2;12.5;11.9;87;0.41;98;121;-23.0;-0.2;0.0;-0.2;-0.017;19;16;17;48.5
FRANK Áron;2022-23;Atomerőmű SE;26;396;15.2;61;2.3;8.4;83;3.2;11.5;5.0;8.2;14.4;14.7;108;0.42;101;110;-8.8;0.0;0.5;0.5;0.051;102;13;13;50.0
SZOBI Dániel;2022-23;NYBS;31;395;12.7;30;1.0;4.1;42;1.3;5.6;3.1;5.3;7.3;7.7;57;0.45;99;116;-16.8;-0.1;0.2;0.1;0.013;41;4;27;12.9
Ognjen MIĆOVIĆ;2024-25;PVSK;19;394;20.7;68;3.6;9.2;91;4.8;12.5;7.8;8.0;18.6;19.9;132;0.41;90;121;-31.0;-0.7;0.0;-0.7;-0.073;3;3;16;15.8
TAKÁCS Norbert;2022-23;Sopron;30;393;13.1;67;2.2;9.5;91;3.0;13.0;3.0;8.9;10.6;10.1;86;0.44;122;119;2.4;0.6;0.0;0.6;0.058;115;13;17;43.3
Maliek WHITE;2022-23;Sopron;15;392;26.1;119;8.0;17.1;163;10.9;23.3;13.9;14.5;26.7;27.2;191;0.44;100;115;-14.4;-0.1;0.3;0.2;0.016;124;7;8;46.7
KISS Mátyás;2024-25;Körmend;28;392;14.0;28;1.0;3.8;38;1.3;5.1;2.9;3.7;12.7;13.3;82;0.34;84;119;-35.2;-0.7;0.1;-0.6;-0.060;-24;15;13;53.6
BALOGH Máté;2023-24;Alba Fehérvár;36;387;10.8;32;0.9;4.4;44;1.2;6.0;2.9;5.1;13.3;13.0;91;0.42;95;113;-17.2;-0.3;0.5;0.2;0.022;53;28;8;77.8
COHILL Eric;2023-24;Szedeák;35;387;11.1;56;1.6;7.6;77;2.2;10.3;3.6;7.8;13.2;13.1;104;0.46;107;120;-13.2;0.1;0.1;0.2;0.022;73;16;19;45.7
REIZINGER Máté;2023-24;Bp. Honvéd;33;385;11.7;56;1.7;7.9;76;2.3;10.8;3.9;8.1;11.1;11.9;82;0.43;98;108;-10.1;-0.2;0.8;0.6;0.058;103;15;18;45.5
REIZINGER Máté;2024-25;Bp. Honvéd;32;385;12.0;103;3.2;14.8;139;4.4;20.0;5.9;14.3;15.1;15.4;116;0.47;108;106;2.1;0.2;0.8;1.0;0.105;188;12;20;37.5
Ray ONA EMBO;2023-24;ZTE;16;384;24.0;132;8.2;19.1;180;11.2;26.0;14.1;17.3;25.7;24.0;189;0.50;114;117;-3.3;0.6;0.3;0.9;0.093;229;7;9;43.8
Tavarius SHINE;2022-23;Sopron;17;383;22.5;98;5.8;14.4;134;7.9;19.6;10.1;12.8;23.3;22.6;151;0.43;98;106;-8.9;-0.3;0.7;0.4;0.047;139;10;7;58.8
DOKTOR Péter;2023-24;Körmend;25;383;15.3;56;2.2;7.7;76;3.0;10.5;5.4;6.9;16.5;17.5;112;0.41;89;115;-26.4;-0.7;0.4;-0.3;-0.036;24;11;14;44.0
DOROGI Gergő;2022-23;Oroszlány;35;381;10.9;52;1.5;7.5;70;2.0;10.2;3.7;8.3;13.1;13.3;95;0.47;104;113;-9.3;0.1;0.3;0.4;0.044;86;17;18;48.6
PERINGER Balázs;2023-24;Bp. Honvéd;31;381;12.3;74;2.4;10.7;101;3.3;14.6;5.0;10.7;9.9;10.5;83;0.55;113;109;4.5;0.3;0.7;1.0;0.100;158;14;17;45.2
SZABADFI Márk;2023-24;Oroszlány;32;379;11.8;33;1.0;4.5;45;1.4;6.2;3.1;5.4;9.8;9.7;76;0.48;108;116;-7.4;0.1;0.3;0.4;0.047;71;16;16;50.0
FRANK Áron;2024-25;PVSK;29;378;13.0;22;0.8;3.1;30;1.0;4.2;3.1;3.9;11.2;11.4;71;0.40;88;124;-35.7;-0.4;-0.2;-0.6;-0.064;-32;3;26;10.3
TANOH DEZ András;2024-25;Bp. Honvéd;15;377;25.1;104;6.9;15.0;140;9.4;20.3;14.2;13.2;24.5;24.3;161;0.45;96;105;-9.0;-0.4;0.8;0.4;0.041;130;7;8;46.7
TÓTH Barna;2024-25;Kecskemét;32;376;11.8;49;1.5;7.5;67;2.1;10.1;4.2;7.1;19.9;20.4;120;0.39;89;113;-23.6;-0.7;0.4;-0.3;-0.033;21;12;20;37.5
Vasilije BAĆOVIĆ;2024-25;NKA Pécs;15;376;25.1;151;10.0;21.7;204;13.6;29.3;19.1;20.5;19.7;19.5;165;0.58;122;107;14.6;0.9;0.7;1.7;0.179;302;8;7;53.3
TÓTH Barna;2023-24;Kecskemét;34;373;11.0;37;1.1;5.5;50;1.5;7.4;2.8;6.0;12.4;12.1;83;0.43;102;118;-16.8;-0.1;0.2;0.1;0.012;46;14;20;41.2
MUCZA Tamás;2022-23;Oroszlány;33;371;11.2;61;1.9;9.1;84;2.5;12.4;3.8;9.1;14.7;14.7;106;0.47;107;115;-7.8;0.2;0.2;0.4;0.048;99;17;16;51.5
FAZEKAS Csaba;2024-25;Sopron;31;370;11.9;63;2.0;9.2;85;2.7;12.5;3.0;8.0;17.6;16.8;120;0.42;105;117;-11.7;0.1;0.2;0.3;0.032;87;14;17;45.2
SIMON Kristóf;2023-24;Bp. Honvéd;19;369;19.4;62;3.3;9.3;85;4.5;12.6;9.4;8.8;14.4;15.3;104;0.43;102;107;-5.4;-0.1;0.8;0.7;0.073;118;11;8;57.9
Anthony DURHAM;2023-24;Szolnok;21;364;17.3;107;5.1;15.7;146;6.9;21.4;8.3;13.3;24.1;23.0;159;0.44;102;113;-11.2;-0.1;0.5;0.3;0.036;148;13;8;61.9
TAIWO Samuel;2022-23;Atomerőmű SE;29;362;12.5;77;2.7;11.6;105;3.6;15.8;5.4;11.5;14.1;14.0;97;0.52;105;108;-2.8;0.1;0.6;0.7;0.078;137;15;14;51.7
SITKU Márton;2023-24;Sopron;33;360;10.9;55;1.7;8.3;75;2.3;11.3;4.1;8.1;15.3;14.6;94;0.43;97;112;-14.8;-0.2;0.5;0.3;0.028;76;14;19;42.4
Milan LUŽAIĆ;2023-24;NKA Pécs;14;360;25.7;89;6.3;13.0;121;8.6;17.7;10.9;11.0;22.2;21.1;149;0.44;104;111;-7.5;0.0;0.5;0.5;0.058;136;6;8;42.9
GARAMVÖLGYI Ákos;2024-25;DEAC;30;360;12.0;53;1.8;8.1;71;2.4;11.0;3.6;7.7;13.9;14.2;85;0.40;92;105;-12.9;-0.4;0.8;0.4;0.046;88;19;11;63.3
Aleksandar SOKOLOVIĆ;2024-25;Bp. Honvéd;13;356;27.4;102;7.8;15.5;137;10.6;21.0;16.2;13.2;20.6;22.2;149;0.46;102;106;-3.3;0.0;0.8;0.7;0.081;167;6;7;46.2
KRIVACSEVICS Markó;2023-24;Falco KC;33;349;10.6;111;3.4;17.1;151;4.6;23.3;6.8;16.1;20.1;20.3;152;0.58;116;97;19.4;0.6;1.2;1.8;0.208;287;30;3;90.9
KOVÁCS Benedek;2023-24;Falco KC;29;348;12.0;71;2.5;11.1;97;3.4;15.1;4.6;10.2;14.2;13.3;100;0.49;116;102;14.0;0.4;1.0;1.3;0.155;203;24;5;82.8
ILLÉS Máté;2023-24;Oroszlány;29;347;12.0;34;1.2;5.1;46;1.6;6.9;2.8;5.1;15.1;14.0;89;0.38;95;116;-21.4;-0.3;0.3;0.0;-0.003;31;14;15;48.3
Aleksa NOVAKOVIĆ;2024-25;Falco KC;21;346;16.5;92;4.4;14.6;125;5.9;19.8;7.5;13.3;16.7;15.2;115;0.50;120;109;11.2;0.6;0.6;1.2;0.140;215;17;4;81.0
Matt TIBY;2024-25;Falco KC;15;345;23.0;184;12.3;29.3;248;16.6;39.7;20.4;26.1;20.3;19.5;177;0.64;145;94;51.0;2.0;1.3;3.3;0.379;478;15;0;100.0
NEUWIRTH Bence;2023-24;DEAC;27;343;12.7;17;0.6;2.7;23;0.8;3.7;2.0;3.5;12.9;12.0;67;0.33;93;117;-24.1;-0.3;0.3;-0.1;-0.008;10;9;18;33.3
RADÓ Ádám;2024-25;PVSK;27;341;12.6;78;2.9;12.2;105;3.9;16.5;6.1;12.2;16.2;16.5;121;0.56;115;124;-8.8;0.5;-0.1;0.3;0.039;104;5;22;18.5
GARAMVÖLGYI Ákos;2022-23;DEAC;20;340;17.0;79;4.0;13.2;108;5.4;18.0;7.0;12.8;13.4;13.3;91;0.52;115;113;1.9;0.4;0.3;0.7;0.086;140;9;11;45.0
HALMAI Dániel;2022-23;Kaposvár;31;339;10.9;49;1.6;7.9;67;2.2;10.7;4.5;9.1;11.4;12.4;88;0.50;114;115;-1.1;0.4;0.2;0.6;0.067;97;11;20;35.5
SUPOLA Zoltán;2022-23;Sopron;33;338;10.2;41;1.3;6.8;56;1.7;9.3;3.3;6.3;17.4;17.2;91;0.36;87;111;-24.0;-0.6;0.4;-0.2;-0.024;22;16;17;48.5
Brendan BAILEY;2023-24;Szedeák;13;338;26.0;109;8.4;17.0;148;11.4;23.2;14.8;15.9;24.4;21.8;155;0.48;111;117;-6.0;0.4;0.2;0.6;0.071;157;6;7;46.2
Darnell BRODIE;2024-25;NKA Pécs;16;337;21.1;108;6.7;17.5;145;9.1;23.6;13.1;16.1;20.8;21.2;139;0.53;106;101;5.1;0.2;0.9;1.1;0.129;193;11;5;68.8
Dayon GRIFFIN;2022-23;Kaposvár;11;335;30.5;92;8.4;15.1;126;11.5;20.6;14.4;13.3;25.0;25.0;156;0.45;102;119;-17.0;0.0;0.0;0.0;0.005;96;3;8;27.3
FILIPOVICS Stefan;2022-23;Szedeák;31;328;10.6;78;2.5;13.1;107;3.4;17.9;5.7;13.7;21.2;21.1;136;0.52;108;113;-4.7;0.3;0.3;0.6;0.075;130;11;20;35.5
DOROGI Gergő;2023-24;Atomerőmű SE;33;326;9.9;46;1.4;7.6;63;1.9;10.4;3.4;8.2;13.0;12.7;84;0.50;109;117;-7.2;0.2;0.3;0.4;0.049;80;15;18;45.5
KOPÁCSI Ákos;2022-23;Bp. Honvéd;35;325;9.3;22;0.6;3.8;30;0.9;5.1;1.9;3.9;15.5;15.5;76;0.32;83;112;-28.8;-0.7;0.3;-0.3;-0.039;-6;10;25;28.6
SZALAY Domonkos;2023-24;ZTE;25;325;13.0;34;1.4;5.8;47;1.9;7.9;3.8;6.2;11.6;11.8;71;0.45;101;122;-21.0;-0.1;0.0;-0.1;-0.009;29;9;16;36.0
DeMarco DICKERSON;2022-23;NYBS;18;324;18.0;102;5.6;16.4;139;7.7;22.3;10.7;14.7;29.7;29.9;175;0.43;94;115;-21.0;-0.5;0.2;-0.3;-0.040;72;2;16;11.1
Anton COOK;2023-24;Körmend;10;323;32.3;115;11.5;19.4;157;15.7;26.4;18.3;16.6;24.9;24.7;168;0.49;114;110;5.0;0.6;0.6;1.1;0.141;217;6;4;60.0
Jamarius BURTON;2024-25;Oroszlány;10;323;32.3;145;14.5;24.3;196;19.6;32.9;24.4;22.1;26.3;26.8;188;0.56;118;109;8.7;0.9;0.5;1.4;0.177;274;4;6;40.0
GULYÁS Milán;2022-23;Atomerőmű SE;22;322;14.6;60;2.7;10.1;81;3.7;13.8;5.2;9.9;13.8;13.6;81;0.43;101;106;-5.5;0.0;0.6;0.6;0.071;106;12;10;54.5
Isaiah PHILMORE;2024-25;Alba Fehérvár;10;319;31.9;107;10.7;18.5;144;14.4;25.0;18.5;17.4;16.7;17.5;131;0.58;129;128;1.2;1.0;-0.3;0.7;0.089;177;5;5;50.0
Brandon PARRISH;2022-23;Körmend;14;315;22.5;71;5.1;12.2;97;6.9;16.6;8.6;11.4;17.5;16.6;102;0.47;105;116;-10.6;0.1;0.2;0.3;0.037;97;7;7;50.0
Anthony MATHIS;2023-24;Sopron;14;315;22.5;123;8.8;21.1;167;11.9;28.8;14.4;18.0;23.0;21.3;156;0.52;127;121;5.5;1.1;0.0;1.1;0.138;225;5;9;35.7
KISS Mátyás;2022-23;Körmend;30;312;10.4;17;0.6;3.0;24;0.8;4.1;1.9;3.8;10.8;10.8;61;0.39;97;120;-22.5;-0.1;0.0;-0.1;-0.016;6;16;14;53.3
BALOGH Máté;2024-25;Bp. Honvéd;17;311;18.3;19;1.1;3.4;26;1.5;4.7;4.5;3.7;13.1;13.2;62;0.39;84;118;-33.9;-0.5;0.1;-0.4;-0.054;-19;4;13;23.5
KOVÁCS Benedek;2024-25;Falco KC;34;311;9.1;72;2.1;12.7;97;2.9;17.1;3.6;12.0;12.8;12.6;89;0.56;126;104;21.9;0.6;0.7;1.4;0.175;202;30;4;88.2
GÁSPÁR Mátyás;2024-25;Körmend;32;310;9.7;35;1.1;6.0;47;1.5;8.1;3.7;7.4;11.7;12.5;75;0.53;104;118;-14.4;0.0;0.1;0.1;0.018;46;16;16;50.0
Seth LEDAY;2024-25;ZTE;14;310;22.2;153;10.9;25.8;207;14.8;34.8;18.4;24.5;24.4;24.1;176;0.58;122;106;16.5;1.0;0.6;1.7;0.215;303;7;7;50.0
Sagaba KONATE;2023-24;Körmend;15;306;20.4;131;8.7;22.5;178;11.9;30.7;16.1;20.1;23.8;22.3;150;0.55;116;119;-2.8;0.6;0.1;0.7;0.092;181;4;11;26.7
Gligorije RAKOČEVIĆ;2024-25;Alba Fehérvár;14;305;21.8;98;7.0;17.4;132;9.4;23.5;13.1;16.8;13.5;12.7;101;0.69;141;118;23.6;1.0;0.1;1.2;0.154;203;6;8;42.9
GÁSPÁR Mátyás;2022-23;DEAC;23;302;13.1;35;1.5;6.5;48;2.1;8.9;3.8;7.2;12.5;12.2;62;0.42;95;113;-18.3;-0.2;0.3;0.1;0.012;41;10;13;43.5
TAKÁCS Kristóf;2022-23;Körmend;31;301;9.7;44;1.4;7.9;60;1.9;10.7;3.4;8.5;11.7;11.8;71;0.52;109;117;-7.9;0.2;0.1;0.3;0.039;74;16;15;51.6
KASS Balázs;2024-25;Alba Fehérvár;33;301;9.1;24;0.7;4.2;32;1.0;5.6;2.3;4.4;11.2;11.8;66;0.40;100;124;-23.7;-0.1;-0.1;-0.2;-0.025;6;14;19;42.4
PAÁR Márk;2022-23;Kaposvár;25;300;12.0;70;2.8;12.6;96;3.8;17.2;4.7;12.4;17.2;16.2;102;0.49;113;118;-4.9;0.4;0.1;0.5;0.060;107;8;17;32.0
Amorie ARCHIBALD;2023-24;Sopron;12;300;25.0;111;9.2;20.0;151;12.6;27.2;18.0;17.0;29.2;28.4;167;0.48;106;109;-3.4;0.1;0.5;0.6;0.086;169;6;6;50.0
BOGDÁN Benedek;2023-24;Kaposvár;21;299;14.2;28;1.3;5.3;39;1.8;7.2;4.7;5.7;10.4;10.7;54;0.43;95;118;-23.5;-0.2;0.2;0.0;-0.006;24;8;13;38.1
Tevin BROWN;2024-25;ZTE;10;298;29.8;113;11.3;20.1;152;15.2;27.2;17.5;17.4;25.6;25.1;155;0.46;111;108;2.7;0.4;0.5;0.9;0.126;197;5;5;50.0
Cheikh Mbacke DIONG;2022-23;Alba Fehérvár;20;297;14.9;122;6.1;22.4;166;8.3;30.6;10.7;21.9;19.6;19.0;130;0.63;126;110;16.1;1.0;0.4;1.4;0.184;264;15;5;75.0
SZŐKE Bálint;2023-24;Kaposvár;21;297;14.1;74;3.5;13.8;101;4.8;18.8;6.1;13.6;10.4;10.4;83;0.63;149;124;25.3;1.0;-0.1;0.9;0.120;150;8;13;38.1
Tomas LEKŪNAS;2023-24;ZTE;12;296;24.7;55;4.6;9.9;74;6.2;13.5;11.7;8.6;19.5;19.9;100;0.43;92;116;-24.4;-0.5;0.3;-0.3;-0.034;32;6;6;50.0
KELENFÖLDI Domonkos;2024-25;Kecskemét;31;296;9.5;38;1.2;7.2;51;1.6;9.8;2.8;7.0;12.9;12.6;60;0.38;92;114;-22.2;-0.3;0.3;0.0;-0.002;35;11;20;35.5
CSENDES Péter;2024-25;Sopron;28;296;10.6;44;1.6;8.1;60;2.1;11.0;2.8;7.6;14.0;14.7;84;0.42;106;115;-8.7;0.1;0.3;0.3;0.047;73;13;15;46.4
Milić STAROVLAH;2022-23;Szedeák;10;295;29.5;53;5.3;9.7;72;7.2;13.3;13.5;9.1;19.6;19.4;100;0.42;94;108;-14.0;-0.3;0.5;0.2;0.022;68;2;8;20.0
NÉMETH Ákos;2022-23;ZTE;27;295;10.9;45;1.7;8.2;61;2.3;11.2;4.5;8.1;16.3;16.8;86;0.45;93;114;-20.8;-0.3;0.2;-0.1;-0.010;40;12;15;44.4
DeAndre DAVIS;2024-25;Szedeák;10;294;29.4;68;6.8;12.8;92;9.2;17.3;12.5;12.0;14.9;15.3;90;0.48;111;119;-8.4;0.2;0.1;0.3;0.043;96;3;7;30.0
MOLNÁR Mátyás;2024-25;PVSK;28;293;10.5;58;2.1;10.5;78;2.8;14.1;3.7;9.9;15.1;14.8;91;0.49;112;124;-12.1;0.3;-0.1;0.1;0.020;68;6;22;21.4
BOR Gábor;2024-25;NKA Pécs;24;292;12.2;34;1.4;6.3;46;1.9;8.5;3.2;6.5;9.4;9.8;53;0.45;100;109;-8.5;-0.1;0.5;0.4;0.060;70;11;13;45.8
Rahlir HOLLIS-JEFFERSON;2023-24;Oroszlány;10;290;29.0;67;6.7;12.2;91;9.1;16.6;14.3;11.9;16.9;17.3;94;0.47;99;103;-4.8;-0.2;0.7;0.6;0.077;117;5;5;50.0
SZABÓ Zsolt;2022-23;Alba Fehérvár;25;288;11.5;59;2.4;11.1;80;3.2;15.2;5.2;10.9;15.2;15.3;88;0.49;109;110;-1.1;0.2;0.4;0.6;0.085;119;18;7;72.0
Jr. CLAY;2023-24;Szolnok;11;286;26.0;85;7.7;16.0;116;10.5;21.8;13.4;12.5;27.0;27.9;142;0.42;95;107;-11.8;-0.5;0.6;0.1;0.016;95;7;4;63.6
MERKL Barna;2024-25;PVSK;30;282;9.4;31;1.0;5.9;42;1.4;7.9;3.3;6.6;11.4;13.0;68;0.47;101;121;-20.8;-0.1;0.0;-0.1;-0.011;23;7;23;23.3
HERGER Salamon;2023-24;NKA Pécs;27;280;10.4;42;1.5;7.8;57;2.1;10.7;3.5;8.4;9.5;10.1;58;0.52;109;110;-1.4;0.1;0.5;0.5;0.078;92;12;15;44.4
Harrison HENDERSON;2022-23;NYBS;13;276;21.2;62;4.7;11.6;84;6.5;15.9;9.7;11.1;18.5;18.1;98;0.46;102;116;-14.0;0.0;0.1;0.1;0.021;74;1;12;7.7
DOKTOR Péter;2024-25;Körmend;22;276;12.6;38;1.7;7.4;52;2.4;10.0;4.2;7.1;17.9;19.3;89;0.38;89;118;-29.4;-0.5;0.1;-0.4;-0.061;0;9;13;40.9
KÖRMENDI Bence;2024-25;Kecskemét;23;275;12.0;5;0.2;0.9;6;0.3;1.3;1.5;1.4;11.4;11.7;43;0.30;75;119;-43.3;-0.6;0.1;-0.5;-0.078;-43;6;17;26.1
BALSAY Ádám;2024-25;Oroszlány;22;275;12.5;27;1.2;5.2;36;1.6;7.0;3.4;5.4;13.0;13.3;62;0.42;91;119;-27.7;-0.3;0.1;-0.2;-0.033;6;5;17;22.7
Yasiin JOSEPH;2024-25;Atomerőmű SE;12;274;22.8;111;9.2;21.8;150;12.5;29.4;15.3;19.6;21.0;22.2;141;0.55;125;105;20.0;0.9;0.6;1.5;0.225;249;12;0;100.0
FAZEKAS Csaba;2023-24;Sopron;26;264;10.2;13;0.5;2.7;18;0.7;3.7;1.7;1.8;17.6;17.0;66;0.32;80;120;-40.1;-0.8;0.1;-0.7;-0.102;-46;10;16;38.5
DOROGI Gergő;2024-25;Atomerőmű SE;34;262;7.7;35;1.0;7.3;47;1.4;9.8;2.4;8.1;11.3;11.2;61;0.51;114;108;5.3;0.2;0.5;0.7;0.103;99;27;7;79.4
SZABADFI Márk;2024-25;Oroszlány;27;262;9.7;25;0.9;5.3;34;1.3;7.1;2.8;5.8;13.3;12.8;57;0.39;92;115;-23.4;-0.3;0.2;-0.1;-0.008;20;7;20;25.9
KISS Dávid;2022-23;Kecskemét;29;257;8.9;65;2.2;14.0;89;3.1;19.0;5.2;14.7;14.1;14.1;87;0.65;132;112;20.3;0.8;0.3;1.1;0.164;152;15;14;51.7
PUSKA Bence;2023-24;Kaposvár;27;257;9.5;19;0.7;4.1;26;1.0;5.6;2.5;4.7;12.9;12.4;57;0.45;99;124;-24.9;-0.1;-0.1;-0.2;-0.027;3;8;19;29.6
Kobe LANGLEY;2024-25;Szedeák;9;257;28.6;72;8.0;15.5;97;10.8;21.0;16.3;12.5;26.7;29.0;126;0.42;94;117;-23.4;-0.5;0.1;-0.3;-0.054;41;3;6;33.3
SZABADFI Márk;2022-23;Oroszlány;30;255;8.5;9;0.3;2.0;12;0.4;2.7;1.4;2.1;18.8;17.7;62;0.34;76;114;-38.1;-0.8;0.2;-0.6;-0.099;-46;17;13;56.7
RADICS Gerzson;2023-24;Atomerőmű SE;19;251;13.2;20;1.1;4.4;28;1.5;6.0;3.0;4.6;11.8;11.7;47;0.41;87;114;-26.5;-0.3;0.3;-0.1;-0.009;15;7;12;36.8
SZALAY Domonkos;2024-25;ZTE;26;249;9.6;24;0.9;5.2;32;1.2;7.0;2.6;5.4;11.7;11.5;52;0.42;98;116;-17.5;-0.1;0.2;0.1;0.014;33;12;14;46.2
David NICHOLS;2024-25;Alba Fehérvár;8;247;30.9;131;16.3;28.2;177;22.1;38.1;26.5;24.8;25.7;28.8;177;0.56;133;121;12.2;1.5;0.0;1.5;0.242;265;4;4;50.0
Marko RADOVANOVIĆ;2024-25;Szolnok;17;247;14.5;77;4.5;16.7;104;6.1;22.6;9.2;15.9;19.5;19.0;100;0.54;115;110;5.0;0.4;0.4;0.8;0.125;159;12;5;70.6
NEUWIRTH Bence;2022-23;DEAC;24;245;10.2;11;0.5;2.5;15;0.6;3.4;1.6;3.0;11.6;11.0;42;0.34;87;115;-27.7;-0.3;0.2;-0.1;-0.020;0;13;11;54.2
Nahziah CARTER;2022-23;Szedeák;14;242;17.3;89;6.4;20.4;122;8.7;27.8;11.1;19.1;29.4;27.7;130;0.52;107;110;-3.1;0.3;0.3;0.6;0.094;131;8;6;57.1
L.G. GILL;2023-24;Sopron;9;241;26.8;69;7.7;15.4;95;10.5;20.9;13.3;13.7;18.3;17.5;86;0.51;108;123;-14.5;0.1;0.0;0.1;0.017;72;2;7;22.2
CSUTI Kornél;2023-24;ZTE;31;238;7.7;31;1.0;7.0;42;1.3;9.5;2.2;7.0;17.1;16.4;70;0.45;97;121;-24.1;-0.2;0.0;-0.2;-0.026;17;13;18;41.9
KOVÁCS Ákos;2022-23;DEAC;18;237;13.2;28;1.6;6.6;38;2.1;9.1;3.6;6.4;11.7;12.1;51;0.47;100;114;-13.8;0.0;0.2;0.2;0.026;39;9;9;50.0
SÖVEGJÁRTÓ Ábel;2022-23;Falco KC;34;236;6.9;12;0.4;2.8;17;0.5;3.9;1.4;3.5;12.4;11.8;47;0.41;92;108;-15.4;-0.2;0.4;0.2;0.035;32;27;7;79.4
EILINGSFELD János;2023-24;Atomerőmű SE;11;233;21.2;65;5.9;14.6;89;8.1;19.9;11.6;13.1;20.9;19.9;92;0.48;104;114;-10.4;0.0;0.3;0.2;0.043;80;6;5;54.5
KENÉZ Csaba;2022-23;DEAC;22;231;10.5;45;2.0;10.9;61;2.8;14.9;4.5;10.8;15.2;16.5;73;0.48;107;112;-5.1;0.1;0.3;0.4;0.067;76;10;12;45.5
CSENDES Péter;2022-23;Sopron;24;224;9.3;29;1.2;7.1;39;1.6;9.7;2.8;6.2;15.6;16.1;61;0.37;94;113;-19.2;-0.2;0.2;0.0;0.001;27;12;12;50.0
LADOS Erik;2023-24;NKA Pécs;25;224;9.0;27;1.1;6.4;37;1.5;8.8;2.8;7.1;11.4;11.2;52;0.44;110;110;-0.6;0.1;0.4;0.5;0.083;69;11;14;44.0
KOVÁCS Ádám;2022-23;Szedeák;17;220;12.9;21;1.2;5.3;29;1.7;7.2;3.3;5.4;13.8;13.6;47;0.39;87;112;-25.1;-0.3;0.2;-0.1;-0.015;13;5;12;29.4
POLÁNYI Kristóf;2024-25;Szedeák;32;220;6.9;30;0.9;7.6;40;1.3;10.2;1.8;7.6;17.8;16.8;62;0.36;94;113;-18.9;-0.2;0.2;0.0;0.002;30;11;21;34.4
NEUWIRTH Bence;2024-25;DEAC;24;219;9.1;20;0.9;5.2;28;1.2;7.0;2.5;5.7;14.2;13.8;53;0.39;99;108;-9.3;-0.1;0.4;0.3;0.055;46;15;9;62.5
Zane KNOWLES;2023-24;Atomerőmű SE;14;217;15.5;82;5.8;19.9;112;8.0;27.2;12.7;19.0;23.7;24.7;111;0.55;109;114;-4.8;0.2;0.3;0.4;0.080;115;7;7;50.0
Sidiki KONÉ;2022-23;NYBS;16;216;13.5;54;3.4;13.4;74;4.6;18.3;8.8;14.0;21.8;23.7;89;0.46;92;111;-18.4;-0.3;0.3;-0.1;-0.013;45;2;14;12.5
Kimani LAWRENCE;2023-24;Kecskemét;11;213;19.4;109;9.9;27.9;149;13.6;38.0;16.0;26.2;30.5;28.6;131;0.60;117;116;0.7;0.5;0.2;0.7;0.134;173;3;8;27.3
Nigel JOHNSON;2024-25;PVSK;6;212;35.3;61;10.1;14.9;82;13.7;20.1;18.2;12.5;19.6;20.1;86;0.46;106;123;-17.6;0.1;-0.1;0.0;0.002;61;1;5;16.7
DÓCS Benedek;2024-25;Bp. Honvéd;22;210;9.5;13;0.6;3.3;17;0.8;4.4;2.8;4.2;12.3;13.0;44;0.40;88;108;-19.6;-0.3;0.4;0.1;0.019;21;11;11;50.0
Derrick WOODS;2023-24;Atomerőmű SE;8;204;25.5;63;7.9;17.3;86;10.8;23.5;15.5;15.4;22.0;21.8;83;0.50;104;113;-8.7;0.0;0.3;0.3;0.052;87;1;7;12.5
A.J. JOHN;2023-24;Oroszlány;7;204;29.1;29;4.2;7.8;40;5.7;10.6;10.0;7.3;19.4;19.3;58;0.34;79;115;-35.3;-0.7;0.2;-0.5;-0.091;-12;1;6;14.3
DOKTOR Péter;2022-23;Körmend;26;201;7.7;28;1.1;7.5;38;1.5;10.2;2.9;8.0;14.5;15.2;57;0.44;102;116;-14.0;0.0;0.1;0.1;0.021;39;13;13;50.0
GARAMVÖLGYI Ákos;2023-24;DEAC;16;200;12.5;15;1.0;4.3;21;1.3;5.9;2.8;4.2;11.2;10.9;33;0.37;85;118;-33.2;-0.3;0.1;-0.2;-0.035;-1;5;11;31.3
ANDA Dávid;2024-25;Szedeák;24;197;8.2;62;2.6;17.5;83;3.5;23.6;5.2;16.6;21.1;20.5;77;0.54;107;114;-7.0;0.1;0.2;0.3;0.061;87;6;18;25.0
CSUTI Kornél;2022-23;ZTE;32;195;6.1;51;1.6;14.1;69;2.2;19.2;3.1;14.6;16.6;15.3;70;0.63;127;115;12.0;0.5;0.1;0.7;0.133;114;17;15;53.1
TÓTH Barna;2022-23;Kecskemét;19;193;10.2;30;1.6;8.5;40;2.1;11.6;3.3;7.6;16.5;15.6;57;0.45;104;120;-15.7;0.0;0.0;0.0;0.009;31;8;11;42.1
SÖVEGJÁRTÓ Ábel;2023-24;Atomerőmű SE;20;192;9.6;18;0.9;5.0;25;1.2;6.9;2.5;5.8;7.6;7.7;33;0.45;120;117;2.8;0.2;0.1;0.3;0.061;43;10;10;50.0
FLASÁR Zalán;2024-25;Sopron;25;190;7.6;64;2.6;18.3;87;3.5;24.7;5.4;18.7;14.7;15.7;75;0.68;136;107;29.2;0.7;0.4;1.1;0.223;151;14;11;56.0
Jaylon TATE;2024-25;Szedeák;6;189;31.5;41;6.9;11.6;56;9.3;15.6;13.2;9.5;23.4;23.3;77;0.44;92;124;-31.3;-0.3;-0.1;-0.4;-0.084;5;0;6;0.0
BENKE Krisztián;2023-24;NKA Pécs;19;188;9.9;20;1.1;5.6;27;1.4;7.6;2.8;6.0;12.5;12.8;44;0.45;95;112;-16.8;-0.1;0.3;0.1;0.025;30;8;11;42.1
KOLLÁR Bence;2024-25;NKA Pécs;15;187;12.5;43;2.8;12.2;58;3.8;16.5;4.3;11.6;12.1;11.0;47;0.51;121;101;20.0;0.3;0.5;0.8;0.165;105;11;4;73.3
Jaycee HILLSMAN;2022-23;NYBS;6;186;31.0;51;8.5;14.9;70;11.6;20.3;15.8;13.5;23.6;22.7;78;0.41;101;115;-14.4;0.0;0.1;0.1;0.018;59;0;6;0.0
Rakeem BUCKLES;2023-24;DEAC;11;186;16.9;44;4.0;13.3;61;5.5;18.1;8.5;12.6;20.2;19.5;70;0.48;107;101;6.2;0.1;0.5;0.6;0.134;101;6;5;54.5
Derek JACKSON;2023-24;Kaposvár;6;184;30.7;38;6.3;11.5;52;8.6;15.6;11.8;9.4;18.2;19.4;60;0.42;94;116;-21.7;-0.2;0.2;-0.1;-0.018;30;2;4;33.3
Marek DOLEŽAJ;2022-23;NYBS;8;181;22.6;35;4.4;10.2;48;5.9;13.9;9.0;9.9;13.9;14.0;47;0.45;97;112;-14.3;-0.1;0.2;0.1;0.027;46;0;8;0.0
BALÁZSI Soma;2022-23;DEAC;21;178;8.5;12;0.6;3.7;16;0.8;5.0;2.0;5.1;7.8;8.5;30;0.51;112;114;-1.8;0.1;0.1;0.2;0.056;33;10;11;47.6
KRIVACSEVICS Markó;2022-23;Falco KC;25;176;7.0;50;2.0;15.6;68;2.7;21.3;4.6;15.5;23.0;23.3;79;0.54;105;103;2.2;0.1;0.4;0.5;0.116;100;21;4;84.0
FAZEKAS Máté;2022-23;Kecskemét;28;176;6.3;25;0.9;7.8;34;1.2;10.6;1.9;7.7;15.2;15.8;50;0.43;99;115;-16.0;-0.1;0.1;0.1;0.013;28;13;15;46.4
GILSZKI Erik;2022-23;Szolnok;24;175;7.3;4;0.2;1.3;6;0.2;1.8;1.0;1.4;10.1;10.2;25;0.31;79;107;-28.8;-0.3;0.3;0.0;0.001;4;18;6;75.0
Chico CARTER Jr.;2024-25;Oroszlány;5;174;34.8;34;6.8;10.7;46;9.2;14.4;13.0;9.2;21.4;21.8;66;0.40;95;104;-9.4;-0.2;0.4;0.2;0.043;51;2;3;40.0
GÁSPÁR Mátyás;2023-24;Oroszlány;23;173;7.5;20;0.9;5.9;27;1.2;8.1;2.9;7.7;9.5;9.6;36;0.55;113;112;1.7;0.1;0.3;0.4;0.083;51;9;14;39.1
PAJOR Dávid;2023-24;Atomerőmű SE;16;168;10.5;13;0.8;4.2;18;1.1;5.8;2.4;4.8;8.2;8.6;28;0.40;108;120;-11.8;0.0;0.1;0.1;0.022;21;4;12;25.0
Devonte GREEN;2022-23;Atomerőmű SE;6;167;27.8;32;5.4;10.7;44;7.4;14.6;10.7;9.1;26.5;25.3;64;0.36;84;100;-16.1;-0.5;0.5;-0.1;-0.018;26;3;3;50.0
Selim FOFANA;2024-25;Sopron;6;167;27.8;38;6.3;12.8;51;8.5;17.3;13.0;10.9;21.5;21.1;60;0.44;97;112;-14.9;-0.2;0.2;0.1;0.015;43;2;4;33.3
MAYER Ákos;2024-25;Szedeák;22;166;7.5;10;0.5;3.5;14;0.6;4.7;2.5;4.4;14.0;14.6;35;0.39;79;113;-33.6;-0.4;0.2;-0.2;-0.051;-9;6;16;27.3
Keenan GUMBS;2022-23;DEAC;8;165;20.6;38;4.7;12.7;51;6.4;17.3;10.5;11.3;26.7;26.3;70;0.40;90;106;-16.5;-0.4;0.3;-0.1;-0.015;32;2;6;25.0
Shane HENRY;2023-24;NKA Pécs;13;164;12.6;67;5.2;21.7;92;7.1;29.7;9.5;21.1;17.5;17.8;71;0.63;128;98;29.7;0.5;0.5;1.0;0.249;148;7;6;53.8
Nick BANYARD;2023-24;Sopron;7;161;23.0;33;4.7;11.1;45;6.4;15.1;11.3;10.1;21.9;21.7;56;0.45;87;109;-21.7;-0.4;0.3;-0.1;-0.028;23;3;4;42.9
FAZEKAS Máté;2023-24;Kaposvár;13;160;12.3;32;2.4;11.0;43;3.3;14.9;5.4;10.8;14.5;15.3;49;0.52;110;119;-9.5;0.1;0.1;0.2;0.040;46;4;9;30.8
RÁTGÉBER Tamás;2024-25;NKA Pécs;14;158;11.3;-2;-0.2;-0.8;-3;-0.2;-1.0;1.3;-0.1;13.4;12.6;26;0.31;72;117;-44.6;-0.4;0.1;-0.3;-0.085;-32;4;10;28.6
MOKÁNSZKI Máté;2022-23;NYBS;12;154;12.8;17;1.4;5.8;24;2.0;8.0;3.2;5.7;14.6;14.4;37;0.37;86;117;-30.7;-0.2;0.1;-0.2;-0.048;1;1;11;8.3
KÖRMENDI Bence;2023-24;Kecskemét;16;152;9.5;-2;-0.2;-0.9;-3;-0.2;-1.2;0.8;-0.4;9.1;8.8;14;0.23;58;118;-60.0;-0.4;0.1;-0.3;-0.090;-33;5;11;31.3
Myles CARTER;2023-24;Körmend;6;152;25.3;35;5.8;12.6;47;7.8;17.1;11.2;11.5;18.2;17.9;48;0.47;98;102;-4.2;-0.1;0.4;0.3;0.081;62;3;3;50.0
Dayon GRIFFIN;2022-23;Szolnok;6;151;25.2;36;5.9;13.5;49;8.1;18.4;10.0;11.2;21.5;20.8;54;0.42;99;105;-5.7;-0.1;0.3;0.3;0.067;58;4;2;66.7
MEZŐFI Márk;2024-25;NKA Pécs;16;150;9.4;35;2.2;12.8;47;2.9;17.3;3.9;12.9;12.4;11.4;42;0.55;135;117;18.7;0.4;0.1;0.5;0.127;77;5;11;31.3
KÉKESI Kolos;2023-24;Atomerőmű SE;19;149;7.8;34;1.8;12.4;46;2.4;16.9;3.1;11.6;13.7;12.9;44;0.47;124;118;5.9;0.3;0.1;0.4;0.094;64;12;7;63.2
Quinton GREEN;2023-24;ZTE;8;148;18.5;28;3.5;10.3;38;4.8;14.0;8.5;9.3;19.8;19.7;51;0.44;95;112;-16.5;-0.2;0.2;0.0;0.010;31;5;3;62.5
Darrin GOVENS;2023-24;Atomerőmű SE;5;145;29.0;50;10.1;19.0;69;13.7;26.0;16.4;16.7;20.3;19.8;60;0.49;116;115;0.6;0.2;0.1;0.4;0.102;84;0;5;0.0
SÁGODI Róbert;2023-24;DEAC;11;145;13.2;16;1.4;6.0;21;1.9;8.2;4.1;5.7;15.8;16.2;34;0.36;81;100;-19.9;-0.4;0.4;0.1;0.015;20;6;5;54.5
HERGER Salamon;2024-25;NKA Pécs;18;144;8.0;17;0.9;6.4;23;1.3;8.7;2.4;6.0;11.6;12.1;31;0.46;96;113;-16.7;-0.1;0.2;0.1;0.021;23;7;11;38.9
Ibrahim SYLLA;2023-24;Körmend;10;143;14.3;33;3.3;12.5;45;4.5;17.0;7.6;13.8;14.1;14.7;44;0.57;114;114;-0.3;0.1;0.2;0.3;0.084;60;3;7;30.0
Prince ODURO;2024-25;Atomerőmű SE;6;142;23.7;36;6.1;13.7;49;8.2;18.6;13.7;14.3;13.0;14.1;40;0.52;108;102;6.6;0.1;0.4;0.5;0.128;77;4;2;66.7
Marko ŠINIK;2024-25;Kecskemét;5;142;28.5;42;8.5;16.7;57;11.5;22.5;15.6;14.0;26.5;26.8;63;0.42;93;113;-19.3;-0.3;0.2;-0.1;-0.026;34;1;4;20.0
VERASZTÓ Péter;2023-24;Falco KC;32;141;4.4;27;0.9;10.4;37;1.2;14.2;1.4;9.1;14.4;14.1;45;0.48;121;104;16.5;0.2;0.4;0.6;0.164;83;29;3;90.6
Quentin HARDRICT;2024-25;Bp. Honvéd;6;137;22.9;26;4.3;10.4;35;5.8;14.0;9.7;8.6;24.6;25.0;54;0.40;87;123;-35.1;-0.4;0.0;-0.4;-0.118;-11;0;6;0.0
MAYER Ákos;2023-24;Szedeák;19;131;6.9;17;0.9;6.8;24;1.2;9.2;2.1;7.6;11.6;11.5;31;0.47;107;116;-9.0;0.0;0.1;0.1;0.042;29;11;8;57.9
WERNER Viktor;2022-23;Oroszlány;26;130;5.0;20;0.8;8.3;27;1.0;11.3;2.6;10.9;8.7;10.6;31;0.59;123;110;13.2;0.2;0.2;0.4;0.117;52;16;10;61.5
VERASZTÓ Péter;2022-23;Falco KC;18;126;7.0;18;1.0;7.7;25;1.4;10.5;2.4;7.5;14.0;14.2;34;0.43;102;102;0.0;0.0;0.3;0.3;0.099;46;15;3;83.3
SCHMERA Gergely;2023-24;Körmend;19;126;6.6;17;0.9;6.9;23;1.2;9.5;2.3;7.0;18.1;17.3;38;0.45;94;120;-26.4;-0.2;0.0;-0.1;-0.038;5;7;12;36.8
PERINGER Balázs;2024-25;Szolnok;23;124;5.4;30;1.3;13.0;41;1.8;17.5;2.7;12.8;14.5;15.4;39;0.54;110;110;0.1;0.1;0.2;0.3;0.092;57;19;4;82.6
SITKU Márton;2024-25;ZTE;12;122;10.1;30;2.5;13.3;41;3.4;18.0;3.8;12.5;15.2;13.7;37;0.47;119;105;14.5;0.2;0.3;0.5;0.152;72;7;5;58.3
CSIZMADIA Attila;2024-25;ZTE;16;121;7.6;15;1.0;6.9;21;1.3;9.3;2.4;7.1;7.0;7.4;15;0.40;91;110;-18.6;-0.1;0.2;0.1;0.038;27;6;10;37.5
Andrew SMITH;2024-25;Alba Fehérvár;5;120;24.0;54;10.8;23.2;73;14.6;31.4;20.0;22.6;16.1;16.7;52;0.64;135;109;25.5;0.4;0.2;0.6;0.213;112;2;3;40.0
WERNER Viktor;2024-25;Oroszlány;21;115;5.5;-2;-0.1;-0.9;-2;-0.1;-1.1;1.0;0.6;7.5;9.4;15;0.36;75;119;-43.9;-0.2;0.0;-0.2;-0.063;-17;5;16;23.8
SÖVEGJÁRTÓ Ábel;2024-25;Falco KC;28;113;4.0;27;0.9;12.9;36;1.3;17.4;1.6;12.8;9.3;8.7;26;0.61;144;100;44.6;0.3;0.3;0.6;0.219;85;27;1;96.4
Adam KEMP;2022-23;Alba Fehérvár;6;109;18.2;24;4.0;12.1;33;5.5;16.5;9.0;12.1;14.7;15.0;32;0.52;109;100;9.0;0.1;0.3;0.4;0.141;59;4;2;66.7
FAZEKAS Máté;2024-25;Alba Fehérvár;14;109;7.8;37;2.7;18.1;50;3.6;24.4;4.5;17.8;17.8;17.3;45;0.61;126;119;6.4;0.3;0.0;0.3;0.118;61;6;8;42.9
CZERMANN Patrik;2023-24;DEAC;13;107;8.2;8;0.6;4.2;11;0.8;5.7;2.3;5.4;16.3;16.4;28;0.45;91;116;-24.5;-0.2;0.1;-0.1;-0.023;2;5;8;38.5
HERCZEG Kristóf;2023-24;Körmend;17;107;6.3;-12;-0.7;-6.1;-17;-1.0;-8.4;0.4;-6.6;16.9;18.0;18;0.23;49;123;-74.0;-0.7;0.0;-0.7;-0.279;-77;8;9;47.1
KAROSI Gergely;2022-23;Atomerőmű SE;17;104;6.1;-3;-0.2;-1.5;-4;-0.2;-2.1;0.4;-1.6;13.4;13.1;14;0.24;56;114;-57.9;-0.4;0.1;-0.4;-0.138;-34;9;8;52.9
WERNER Viktor;2023-24;Oroszlány;15;102;6.8;4;0.2;1.9;5;0.3;2.5;1.5;4.4;9.7;10.5;21;0.50;101;119;-17.1;0.0;0.0;0.0;0.012;6;7;8;46.7
SCHÖLL Richárd;2022-23;Sopron;11;100;9.1;19;1.7;10.6;26;2.4;14.5;3.5;10.4;11.2;11.7;25;0.58;118;111;7.7;0.1;0.1;0.3;0.104;37;4;7;36.4
Emmanuel LITTLE;2023-24;Szolnok;6;99;16.5;25;4.1;13.3;33;5.6;18.1;8.8;11.1;25.8;26.1;37;0.38;78;98;-20.3;-0.5;0.3;-0.1;-0.057;12;4;2;66.7
SCHÖLL Richárd;2023-24;Sopron;19;96;5.1;7;0.4;4.1;10;0.5;5.7;1.5;5.3;8.8;9.4;14;0.40;81;112;-31.6;-0.1;0.1;0.0;-0.006;6;6;13;31.6
GÉRINGER Gergő;2024-25;Atomerőmű SE;20;93;4.7;19;1.0;11.3;26;1.3;15.2;1.8;10.9;15.7;15.8;32;0.54;119;106;12.7;0.2;0.2;0.4;0.152;53;19;1;95.0
LALUSKA Bence;2024-25;Szedeák;14;93;6.6;7;0.5;4.2;10;0.7;5.7;1.8;3.7;13.8;14.0;20;0.34;84;121;-37.1;-0.2;0.0;-0.2;-0.075;-9;1;13;7.1
SZALAY Domonkos;2022-23;ZTE;21;92;4.4;8;0.4;4.8;11;0.5;6.6;0.9;5.3;12.8;12.3;21;0.41;99;115;-15.8;0.0;0.1;0.0;0.016;12;14;7;66.7
LADOVSZKY János;2024-25;Kecskemét;11;92;8.4;-6;-0.5;-3.6;-8;-0.7;-4.8;0.6;-3.7;17.7;18.8;18;0.22;58;121;-63.8;-0.5;0.0;-0.6;-0.241;-54;3;8;27.3
CSÁTALJAY Péter;2024-25;ZTE;20;88;4.4;12;0.6;7.4;16;0.8;10.0;1.0;6.8;14.0;13.4;19;0.40;85;113;-27.3;-0.1;0.1;0.0;-0.020;8;8;12;40.0
MAYER Ákos;2022-23;Szedeák;13;87;6.7;6;0.5;3.8;8;0.6;5.2;1.5;4.9;9.7;9.1;15;0.48;107;115;-8.0;0.0;0.1;0.1;0.040;13;3;10;23.1
KOVÁCS Ákos;2024-25;Atomerőmű SE;18;87;4.9;9;0.5;5.8;12;0.7;7.7;1.2;5.3;16.9;16.9;26;0.38;97;111;-13.9;-0.1;0.1;0.1;0.028;15;15;3;83.3
TAKÁCS Dániel;2022-23;Bp. Honvéd;11;85;7.7;3;0.2;1.7;3;0.3;2.3;1.5;2.3;13.5;13.5;15;0.29;77;114;-37.2;-0.2;0.1;-0.1;-0.064;-10;2;9;18.2
VERASZTÓ Péter;2024-25;Falco KC;28;82;2.9;8;0.3;5.2;10;0.4;7.0;0.9;3.4;21.2;21.5;25;0.31;77;97;-20.3;-0.3;0.3;-0.1;-0.024;3;26;2;92.9
SEBŐK András;2022-23;Szolnok;15;81;5.4;6;0.4;4.3;9;0.6;5.9;1.5;4.3;15.6;15.3;19;0.39;86;110;-23.5;-0.1;0.1;0.0;-0.013;4;10;5;66.7
VÁRSZEGI Ádám;2024-25;DEAC;12;79;6.6;7;0.6;4.9;9;0.8;6.6;1.0;3.8;14.9;14.2;15;0.30;73;106;-32.7;-0.2;0.2;-0.1;-0.034;1;8;4;66.7
CSIZMADIA Attila;2022-23;Atomerőmű SE;10;76;7.6;14;1.4;9.7;19;1.9;13.3;2.9;9.4;15.6;15.1;19;0.45;92;106;-14.5;-0.1;0.1;0.1;0.032;18;6;4;60.0
BONIFERT Bendegúz;2022-23;NYBS;12;76;6.3;7;0.5;4.7;9;0.7;6.4;2.2;4.7;11.8;12.1;14;0.41;82;118;-35.7;-0.1;0.0;-0.1;-0.058;-3;1;11;8.3
GULYÁS Milán;2023-24;Atomerőmű SE;6;75;12.5;21;3.4;15.2;28;4.7;20.8;6.5;15.3;15.4;15.1;25;0.46;121;111;10.5;0.1;0.1;0.3;0.134;43;0;6;0.0
NÉMETH András;2024-25;PVSK;11;74;6.8;8;0.7;5.7;11;1.0;7.6;1.3;5.8;9.5;9.3;13;0.37;103;120;-17.8;0.0;0.0;0.0;0.002;8;2;9;18.2
ARABO Abraham;2023-24;Szolnok;6;72;12.0;11;1.8;8.0;15;2.4;10.9;4.3;7.7;17.7;18.3;21;0.43;87;108;-21.3;-0.2;0.1;0.0;-0.010;9;3;3;50.0
PALLAI Tamás;2022-23;Szolnok;4;68;17.0;32;8.1;27.2;44;11.1;37.1;11.3;24.8;23.4;20.3;31;0.50;129;99;30.5;0.3;0.2;0.5;0.275;74;4;0;100.0
CSORVÁSI Milán;2022-23;Kaposvár;9;65;7.2;10;1.1;8.4;14;1.5;11.4;2.6;8.0;20.8;20.9;22;0.43;86;118;-32.2;-0.2;0.0;-0.1;-0.086;-3;3;6;33.3
BALOGH Máté;2022-23;Körmend;8;63;7.9;13;1.6;11.2;18;2.2;15.3;2.5;10.7;15.8;15.7;17;0.47;96;114;-18.8;0.0;0.0;0.0;0.001;14;5;3;62.5
KÉKESI Kolos;2022-23;Atomerőmű SE;8;61;7.6;12;1.5;10.5;16;2.0;14.3;2.3;9.6;12.8;13.0;15;0.42;102;111;-9.4;0.0;0.1;0.1;0.047;17;5;3;62.5
SCHMERA Gergely;2024-25;Körmend;13;58;4.4;14;1.1;13.0;19;1.4;17.6;2.0;13.1;10.6;11.5;17;0.65;138;124;14.2;0.2;0.0;0.1;0.096;26;4;9;30.8
MAJOR Bulcsú;2024-25;Bp. Honvéd;10;56;5.6;8;0.8;7.5;10;1.0;10.1;1.5;7.2;15.8;14.6;12;0.37;81;105;-23.9;-0.1;0.1;0.0;0.000;7;4;6;40.0
LUKÁCSI Gábor;2023-24;NKA Pécs;6;55;9.2;8;1.3;7.7;11;1.8;10.5;2.3;6.2;17.4;16.5;16;0.43;96;125;-29.6;-0.1;0.0;-0.1;-0.056;1;1;5;16.7
CSÁTALJAY Péter;2022-23;Sopron;8;54;6.8;3;0.4;3.1;4;0.5;4.3;1.5;3.0;15.4;14.6;13;0.39;95;115;-20.6;0.0;0.0;0.0;-0.006;2;3;5;37.5
ANTALICS Dániel;2023-24;Kaposvár;8;54;6.8;-10;-1.2;-9.8;-13;-1.7;-13.4;-0.3;-7.6;11.3;10.5;3;0.14;28;119;-90.8;-0.3;0.0;-0.3;-0.204;-34;3;5;37.5
KUCSORA Csaba;2024-25;Atomerőmű SE;18;53;2.9;5;0.3;5.5;7;0.4;7.4;0.5;5.0;19.4;17.8;15;0.34;89;106;-16.4;-0.1;0.1;0.0;0.017;8;14;4;77.8
Darko BAJO;2024-25;Bp. Honvéd;3;53;17.6;8;2.7;8.4;11;3.6;11.3;6.3;9.3;6.2;7.6;9;0.56;119;127;-7.2;0.0;0.0;0.0;0.003;8;0;3;0.0
RÁTGÉBER Tamás;2023-24;NKA Pécs;11;52;4.7;-1;-0.1;-1.0;-1;-0.1;-1.4;0.3;-1.5;15.3;15.1;7;0.21;50;105;-54.8;-0.3;0.1;-0.2;-0.130;-16;6;5;54.5
TAKÁCS Martin;2022-23;Alba Fehérvár;13;51;3.9;8;0.6;8.3;11;0.8;11.3;1.5;8.0;15.0;16.3;15;0.48;100;102;-2.3;0.0;0.1;0.1;0.089;18;11;2;84.6
GÁL Csongor;2024-25;DEAC;8;51;6.3;9;1.1;9.5;12;1.5;12.8;2.6;8.6;14.6;13.8;13;0.42;103;109;-6.8;0.0;0.1;0.1;0.063;15;4;4;50.0
DÁVID Benjámin;2024-25;Kecskemét;6;51;8.6;14;2.3;15.2;19;3.1;20.5;4.0;13.7;22.6;20.8;21;0.43;110;122;-12.1;0.1;0.0;0.0;0.034;17;1;5;16.7
REIZINGER Máté;2022-23;Bp. Honvéd;10;50;5.0;18;1.8;19.4;24;2.4;26.5;2.7;19.2;15.6;15.8;18;0.60;127;108;18.1;0.1;0.1;0.2;0.173;35;2;8;20.0
SEBŐK András;2023-24;Szolnok;13;50;3.8;-5;-0.4;-5.8;-7;-0.6;-7.9;0.5;-5.4;19.1;19.0;10;0.27;53;115;-61.7;-0.3;0.0;-0.3;-0.228;-33;9;4;69.2
Kris MARTIN;2023-24;Alba Fehérvár;5;49;9.8;5;1.0;5.1;7;1.3;7.0;2.0;3.4;21.1;19.5;15;0.39;84;115;-31.3;-0.1;0.0;-0.1;-0.070;-3;5;0;100.0
TARJÁN Izsák;2022-23;Bp. Honvéd;11;48;4.4;14;1.3;16.1;20;1.8;22.0;2.4;16.1;12.3;14.3;16;0.59;124;114;10.8;0.1;0.0;0.2;0.125;26;3;8;27.3
FLASÁR Botond;2024-25;DEAC;10;47;4.7;19;1.9;22.3;26;2.6;30.1;3.1;19.9;22.8;20.1;20;0.52;116;109;6.7;0.1;0.1;0.2;0.137;32;5;5;50.0
CZERMANN Patrik;2024-25;DEAC;8;46;5.7;10;1.3;12.3;14;1.7;16.7;3.0;13.8;15.4;16.6;17;0.60;122;103;18.8;0.1;0.1;0.2;0.187;27;6;2;75.0
BALSAY Ádám;2022-23;Alba Fehérvár;11;45;4.1;5;0.5;6.0;7;0.6;8.1;1.0;5.2;16.7;16.9;12;0.40;82;100;-18.1;-0.1;0.1;0.0;0.014;7;10;1;90.9
ÁRVA-FILE Balázs;2023-24;Oroszlány;14;45;3.2;2;0.2;2.7;3;0.2;3.6;0.9;4.3;11.1;10.2;8;0.41;91;113;-21.6;0.0;0.1;0.0;0.015;4;6;8;42.9
HERCZEG Kristóf;2022-23;Körmend;13;44;3.4;3;0.2;3.8;4;0.3;5.1;0.8;3.1;16.3;17.1;12;0.40;83;123;-39.9;-0.1;0.0;-0.1;-0.110;-8;6;7;46.2
KERTLI Ádám;2024-25;Kecskemét;4;44;10.9;6;1.6;8.1;9;2.1;10.9;3.5;6.5;26.5;25.7;19;0.38;93;124;-31.6;-0.1;0.0;-0.1;-0.093;-3;1;3;25.0
POLSTER Attila;2023-24;Sopron;9;43;4.8;1;0.1;1.3;1;0.2;1.8;0.6;1.8;11.8;10.8;7;0.28;77;121;-43.5;-0.1;0.0;-0.1;-0.073;-6;2;7;22.2
SÁGODI Róbert;2022-23;DEAC;6;42;7.0;12;2.0;15.5;16;2.7;21.1;2.8;14.0;17.8;18.2;16;0.47;115;117;-2.1;0.1;0.0;0.1;0.081;17;1;5;16.7
ASZTALOS Miklós;2024-25;Kecskemét;3;42;14.0;8;2.8;11.3;11;3.8;15.4;5.7;10.5;15.3;15.6;13;0.42;108;117;-8.8;0.0;0.0;0.0;0.044;11;1;2;33.3
TAKÁCS Zsolt;2022-23;Falco KC;16;41;2.6;4;0.3;5.8;6;0.4;8.0;0.9;6.4;11.4;10.1;6;0.37;74;91;-16.6;-0.1;0.2;0.1;0.084;13;15;1;93.8
BOR Gábor;2023-24;NKA Pécs;8;41;5.1;18;2.3;23.1;25;3.1;31.4;3.8;21.2;13.5;12.8;16;0.79;163;104;58.8;0.2;0.1;0.3;0.308;40;4;4;50.0
SZŐKE Bálint;2022-23;Kaposvár;4;40;10.0;11;2.8;15.2;15;3.8;20.6;4.3;14.0;19.1;18.0;14;0.42;109;118;-8.9;0.0;0.0;0.0;0.045;14;1;3;25.0
MOKÁNSZKI Máté;2022-23;Szolnok;5;40;8.0;7;1.3;9.7;9;1.8;13.2;2.6;8.6;14.6;13.4;11;0.50;116;113;3.1;0.1;0.0;0.1;0.090;15;3;2;60.0
HAJDUK Attila Dominik;2023-24;Kaposvár;4;39;9.8;9;2.2;11.8;12;3.0;16.2;3.5;11.7;5.9;5.1;7;0.62;179;124;55.1;0.1;0.0;0.1;0.096;17;1;3;25.0
TÓTH Patrik;2024-25;Kecskemét;5;39;7.7;0;0.1;0.6;1;0.1;0.7;1.6;0.8;11.4;11.4;5;0.27;67;118;-50.8;-0.1;0.0;-0.1;-0.098;-8;2;3;40.0
VÁRSZEGI Ádám;2023-24;DEAC;10;38;3.8;8;0.8;12.3;12;1.2;16.9;1.5;10.5;15.7;16.0;12;0.40;110;116;-6.3;0.0;0.0;0.1;0.059;13;2;8;20.0
MAKKOS Dávid;2023-24;ZTE;7;37;5.3;0;0.0;0.2;0;0.0;0.2;0.4;-0.4;13.9;15.1;8;0.32;72;124;-51.2;-0.1;0.0;-0.1;-0.140;-12;4;3;57.1
KERTÉSZ Dávid;2024-25;Alba Fehérvár;10;36;3.6;4;0.4;6.2;6;0.6;8.4;0.9;6.6;13.9;14.6;9;0.40;93;121;-27.7;0.0;0.0;0.0;-0.040;1;5;5;50.0
LALUSKA Bence;2023-24;Szedeák;8;35;4.4;-1;-0.2;-1.9;-2;-0.2;-2.6;0.5;-1.7;14.2;14.6;6;0.28;57;120;-62.7;-0.2;0.0;-0.2;-0.177;-14;5;3;62.5
HAJDUK Attila Dominik;2022-23;Kaposvár;6;34;5.7;1;0.2;2.1;2;0.3;2.9;1.0;1.3;12.8;11.7;4;0.26;58;116;-58.0;-0.1;0.0;-0.1;-0.126;-8;2;4;33.3
TAKÁCS Martin;2023-24;Alba Fehérvár;12;34;2.8;0;0.0;0.6;1;0.0;0.8;0.3;0.4;11.9;13.0;6;0.33;70;108;-38.0;-0.1;0.1;0.0;-0.044;-3;10;2;83.3
GÓBI Marcell;2022-23;Alba Fehérvár;12;33;2.8;-4;-0.3;-6.1;-5;-0.4;-8.2;0.1;-3.5;4.2;4.3;0;0.00;0;99;-99.4;-0.1;0.1;0.0;-0.010;-5;11;1;91.7
SIMÓ Bence;2023-24;ZTE;7;32;4.6;7;1.1;12.2;10;1.4;16.6;1.6;11.6;11.5;10.8;8;0.46;119;113;5.4;0.0;0.0;0.1;0.092;14;4;3;57.1
BARTIK Zalán;2024-25;Körmend;9;32;3.5;5;0.6;9.1;7;0.8;12.3;0.9;7.6;19.2;18.0;10;0.34;92;121;-29.3;0.0;0.0;0.0;-0.057;1;4;5;44.4
GYIMES Áron;2023-24;ZTE;6;31;5.2;2;0.4;3.8;3;0.5;5.3;0.5;2.7;21.9;19.7;7;0.30;67;122;-54.9;-0.2;0.0;-0.2;-0.201;-13;2;4;33.3
RÁCZ Gábor;2024-25;PVSK;5;31;6.1;-6;-1.1;-9.7;-8;-1.5;-13.2;-1.0;-10.0;12.2;11.8;1;0.04;10;146;-136.1;-0.2;-0.1;-0.3;-0.446;-36;0;5;0.0
KENÉZ Csaba;2023-24;DEAC;3;30;10.0;-4;-1.2;-6.5;-5;-1.6;-9.0;-1.0;-6.9;11.3;11.7;2;0.13;29;112;-83.2;-0.2;0.0;-0.1;-0.187;-16;1;2;33.3
HOCKERUP-FISCHER Dávid;2023-24;NKA Pécs;5;30;6.0;3;0.7;6.0;5;0.9;8.1;2.8;7.4;14.3;14.1;8;0.51;96;109;-12.6;0.0;0.1;0.0;0.044;6;2;3;40.0
ARABO Abraham;2022-23;Szolnok;7;29;4.1;9;1.3;17.2;12;1.7;23.4;2.7;16.8;16.6;17.0;10;0.54;109;86;23.3;0.0;0.1;0.2;0.226;21;7;0;100.0
FAZEKAS Máté;2023-24;Alba Fehérvár;6;29;4.8;-2;-0.3;-3.1;-2;-0.4;-4.1;0.7;-1.5;18.7;18.3;7;0.35;72;117;-44.9;-0.1;0.0;-0.1;-0.133;-11;4;2;66.7
BALÁZSI Ákos;2024-25;DEAC;4;29;7.2;0;0.1;0.8;1;0.1;1.0;1.3;0.3;13.3;13.7;6;0.34;82;113;-30.7;-0.1;0.0;0.0;-0.035;-2;3;1;75.0
VINCZE Roland;2022-23;Szolnok;11;28;2.5;6;0.6;12.8;9;0.8;17.5;0.9;11.7;9.2;6.9;5;0.65;151;106;45.8;0.1;0.1;0.1;0.175;17;9;2;81.8
GERÖLY Márton;2023-24;Körmend;10;28;2.8;-2;-0.2;-2.8;-2;-0.2;-3.8;-0.1;-3.7;22.1;19.3;5;0.17;50;115;-65.1;-0.2;0.0;-0.2;-0.250;-17;4;6;40.0
Zdravko BOŠKOVIĆ;2024-25;Körmend;3;28;9.3;2;0.7;4.3;3;1.0;5.8;2.7;6.4;13.6;13.5;8;0.55;112;117;-5.2;0.0;0.0;0.0;0.055;6;2;1;66.7
PÁPAI Máté;2022-23;Oroszlány;4;26;6.5;5;1.3;11.3;7;1.8;15.4;3.3;12.6;10.4;11.6;7;0.66;134;125;9.2;0.1;0.0;0.0;0.076;10;1;3;25.0
NAGY Péter;2024-25;Körmend;9;26;2.9;10;1.1;19.6;13;1.5;26.4;1.4;18.8;16.7;14.6;10;0.61;138;134;4.3;0.1;0.0;0.0;0.071;13;2;7;22.2
ANTALICS Dániel;2022-23;Kaposvár;5;24;4.8;2;0.4;4.7;3;0.6;6.5;1.0;5.1;11.8;12.3;4;0.37;73;116;-43.1;-0.1;0.0;0.0;-0.081;-2;1;4;20.0
HORVÁTH Ákos;2024-25;Szolnok;12;23;1.9;-6;-0.5;-13.3;-8;-0.6;-18.1;-0.3;-14.1;24.0;22.1;2;0.12;23;106;-83.5;-0.3;0.0;-0.2;-0.414;-28;10;2;83.3
FLASÁR Zalán;2023-24;Sopron;2;22;11.0;5;2.3;10.6;6;3.1;14.4;5.5;11.0;10.2;11.7;4;0.37;80;119;-38.4;0.0;0.0;0.0;-0.058;2;0;2;0.0
HARKA Szabolcs;2024-25;PVSK;5;22;4.4;0;-0.1;-0.7;0;-0.1;-1.0;0.4;1.1;0.0;0.0;0;0.00;0;137;-137.1;0.0;0.0;0.0;-0.090;-5;1;4;20.0
SIMÓ Bence;2022-23;ZTE;8;21;2.6;4;0.5;10.6;6;0.7;14.3;0.9;9.9;23.8;21.0;7;0.42;88;100;-11.9;0.0;0.1;0.0;0.029;6;5;3;62.5
KISS Dominik;2023-24;Szolnok;7;21;3.0;1;0.1;2.0;1;0.2;2.8;0.7;3.3;2.2;4.0;1;0.36;84;116;-32.3;0.0;0.0;0.0;0.010;1;4;3;57.1
Isaiah HILL;2024-25;Oroszlány;1;20;20.1;-1;-1.2;-3.2;-2;-1.6;-4.3;3.0;-2.8;11.7;12.1;3;0.24;68;145;-77.9;-0.1;-0.1;-0.1;-0.257;-13;0;1;0.0
GÉRINGER Gergő;2022-23;Atomerőmű SE;5;19;3.8;-1;-0.3;-4.0;-2;-0.4;-5.5;0.2;-3.8;14.8;14.5;2;0.16;32;104;-71.7;-0.1;0.0;-0.1;-0.197;-9;3;2;60.0
HORVÁTH Ádám;2022-23;Falco KC;9;19;2.1;-2;-0.2;-5.5;-3;-0.3;-7.6;0.0;-4.4;5.0;5.6;1;0.15;33;104;-70.4;-0.1;0.0;0.0;-0.019;-3;9;0;100.0
VASKÓ György;2022-23;NYBS;6;19;3.2;0;0.0;0.0;0;0.0;0.0;0.0;-0.3;2.5;2.7;1;0.24;55;128;-72.8;0.0;0.0;0.0;-0.083;-3;0;6;0.0
NAGY Péter;2023-24;Körmend;7;19;2.7;4;0.5;10.3;5;0.7;13.9;1.0;10.5;15.1;13.7;4;0.39;79;100;-21.5;0.0;0.1;0.0;0.025;5;3;4;42.9
HORVÁTH Ákos;2023-24;Szolnok;3;19;6.3;-3;-1.1;-9.3;-4;-1.5;-12.8;-1.0;-9.1;9.9;8.4;0;0.00;0;127;-127.1;-0.1;0.0;-0.1;-0.269;-15;2;1;66.7
HEGEDÜS Brúnó;2024-25;DEAC;4;19;4.6;1;0.1;1.5;1;0.2;2.1;0.5;1.1;18.3;18.5;5;0.33;80;118;-37.9;-0.1;0.0;0.0;-0.102;-4;2;2;50.0
ÁRVA-FILE Balázs;2024-25;Oroszlány;8;19;2.4;3;0.3;7.1;3;0.4;9.6;0.5;6.5;12.8;11.3;4;0.41;102;129;-27.8;0.0;0.0;0.0;-0.052;0;2;6;25.0
CSOMÓS Kristóf;2022-23;Bp. Honvéd;7;18;2.6;0;0.1;1.2;1;0.1;1.6;0.3;0.8;13.5;11.6;3;0.23;68;118;-51.0;-0.1;0.0;0.0;-0.107;-4;1;6;14.3
KÉKESI Kolos;2024-25;Atomerőmű SE;9;17;1.9;-2;-0.2;-6.8;-3;-0.3;-9.2;-0.2;-6.8;10.4;8.9;1;0.18;41;113;-71.6;-0.1;0.0;0.0;-0.109;-7;8;1;88.9
GERA Ferenc;2024-25;Kecskemét;3;17;5.7;2;0.6;6.1;3;0.9;8.4;1.7;5.4;8.4;7.5;2;0.36;72;118;-46.1;0.0;0.0;0.0;-0.048;0;0;3;0.0
LUKÁCSI Gábor;2024-25;NKA Pécs;1;17;17.4;1;1.2;3.7;2;1.6;4.9;2.0;2.7;24.5;25.2;5;0.26;62;105;-43.0;-0.1;0.0;-0.1;-0.199;-6;0;1;0.0
GÓBI Marcell;2023-24;Alba Fehérvár;8;16;2.0;5;0.6;16.8;7;0.9;23.0;1.1;16.9;8.6;6.1;4;0.63;189;97;92.4;0.1;0.1;0.1;0.283;15;8;0;100.0
KISS Benedek;2023-24;Alba Fehérvár;8;16;2.0;0;0.0;-1.0;0;-0.1;-1.3;0.3;-1.0;14.1;12.3;2;0.21;64;105;-41.4;-0.1;0.0;0.0;-0.043;-2;7;1;87.5
MÉSZÁROS Tamás;2024-25;Szedeák;5;15;3.0;4;0.7;13.0;5;0.9;17.5;0.6;10.3;26.3;22.8;6;0.35;93;108;-15.4;0.0;0.0;0.0;0.006;3;3;2;60.0
ARABO Abraham;2024-25;Szolnok;7;14;1.9;-1;-0.1;-2.4;-1;-0.1;-3.2;0.7;2.0;9.4;11.1;2;0.37;72;94;-21.6;0.0;0.1;0.0;0.055;1;7;0;100.0
PAVLÍK Botond;2022-23;Atomerőmű SE;2;13;6.5;-1;-0.5;-4.3;-1;-0.7;-6.0;0.0;-4.9;32.5;30.0;4;0.26;58;109;-50.5;-0.1;0.0;-0.1;-0.309;-9;1;1;50.0
ARNOLD Botond;2023-24;Atomerőmű SE;3;13;4.3;7;2.3;29.6;10;3.2;40.2;4.0;27.8;12.8;13.4;5;0.68;148;116;31.9;0.1;0.0;0.1;0.197;12;1;2;33.3
VINCZE Roland;2023-24;Szolnok;3;13;4.3;3;1.1;13.2;5;1.5;17.9;2.3;15.2;13.9;12.8;4;0.54;133;117;16.2;0.0;0.0;0.0;0.131;7;1;2;33.3
VÁMOS Ádám;2022-23;Bp. Honvéd;6;12;2.0;5;0.9;24.8;7;1.2;34.0;1.5;25.0;11.8;18.0;5;0.64;139;116;23.1;0.1;0.0;0.1;0.209;11;2;4;33.3
HEGEDÜS Brúnó;2023-24;DEAC;7;12;1.7;-3;-0.4;-12.3;-4;-0.5;-16.6;-0.4;-13.0;28.7;24.1;2;0.17;35;114;-79.5;-0.1;0.0;-0.1;-0.419;-13;2;5;28.6
TÓTH Balázs;2023-24;Kecskemét;4;12;3.0;-1;-0.2;-4.2;-1;-0.3;-5.6;0.3;-1.6;4.1;3.6;0;0.00;0;118;-118.4;0.0;0.0;0.0;-0.082;-3;1;3;25.0
TAKÁCS Zsolt;2023-24;Falco KC;6;11;1.8;5;0.8;21.9;6;1.1;29.9;1.5;19.2;16.5;17.5;4;0.54;113;87;25.4;0.0;0.1;0.1;0.234;10;6;0;100.0
CZERMANN Patrik;2022-23;DEAC;2;10;5.0;4;2.0;22.0;5;2.7;29.9;4.0;19.9;18.8;17.6;4;0.59;121;108;12.3;0.0;0.0;0.0;0.157;6;0;2;0.0
GERÖLY Márton;2022-23;Körmend;4;10;2.5;-1;-0.4;-7.6;-2;-0.5;-10.4;-0.5;-8.6;14.0;12.5;0;0.10;21;139;-118.1;-0.1;0.0;-0.1;-0.397;-11;1;3;25.0
SZUGYICZKI Máté;2024-25;Szolnok;6;10;1.7;1;0.2;4.9;1;0.2;6.5;0.5;4.6;13.2;13.9;2;0.39;81;105;-23.6;0.0;0.0;0.0;0.006;1;6;0;100.0
FÁBIÁN Szabolcs;2022-23;DEAC;2;9;4.5;1;0.6;6.9;2;0.8;9.4;2.0;8.8;10.4;9.7;2;0.59;120;110;10.1;0.0;0.0;0.0;0.104;2;0;2;0.0
HEIMANN Gergő;2023-24;Atomerőmű SE;1;9;9.0;-4;-3.6;-21.8;-5;-4.9;-29.7;-3.0;-19.0;16.4;15.4;0;0.00;0;115;-115.0;-0.1;0.0;-0.1;-0.402;-11;0;1;0.0
FEHÉRVÁRI Csegő;2023-24;Kaposvár;2;9;4.5;-3;-1.4;-16.8;-4;-1.9;-22.8;-1.5;-16.2;15.8;14.6;0;0.00;0;127;-127.1;-0.1;0.0;-0.1;-0.449;-11;0;2;0.0
ARNOLD Botond;2024-25;Atomerőmű SE;4;9;2.3;2;0.4;9.0;2;0.5;12.0;1.0;9.1;20.9;18.5;3;0.45;90;112;-21.9;0.0;0.0;0.0;-0.017;1;3;1;75.0
BOTKA Botond;2022-23;Kecskemét;4;8;2.0;1;0.2;4.2;1;0.2;5.5;0.3;3.3;17.8;16.3;2;0.27;81;123;-41.6;0.0;0.0;0.0;-0.114;-1;1;3;25.0
VÁMOS Ádám;2023-24;Bp. Honvéd;5;8;1.6;0;0.0;-0.7;0;0.0;-0.7;0.0;-1.5;17.4;14.6;2;0.37;75;113;-37.8;0.0;0.0;0.0;-0.066;-1;3;2;60.0
HANSEN Dániel;2023-24;Falco KC;4;8;2.0;-1;-0.4;-9.3;-2;-0.5;-12.6;-0.3;-9.7;16.7;17.4;0;0.00;0;84;-83.8;-0.1;0.0;-0.1;-0.288;-7;4;0;100.0
TÓTH Patrik;2023-24;Kecskemét;4;8;2.0;3;0.7;17.9;4;0.9;24.1;1.0;16.6;12.5;10.6;2;0.48;145;129;16.3;0.0;0.0;0.0;0.083;4;0;4;0.0
TÓTH-ERDEI Máté;2023-24;Körmend;3;8;2.7;-1;-0.3;-6.1;-1;-0.4;-8.1;0.0;-4.7;5.3;5.4;0;0.00;0;112;-112.5;0.0;0.0;0.0;-0.102;-3;2;1;66.7
SÁGODI Róbert;2024-25;DEAC;2;8;4.2;1;0.7;8.7;2;0.9;12.1;1.5;8.2;11.7;11.8;2;0.58;120;118;1.9;0.0;0.0;0.0;0.072;3;1;1;50.0
KELLER Bendegúz;2024-25;Sopron;6;8;1.3;3;0.5;19.9;4;0.7;27.2;0.8;15.9;22.1;23.0;4;0.52;117;121;-3.7;0.0;0.0;0.0;0.091;4;4;2;66.7
HANSEN Dániel;2022-23;Falco KC;3;7;2.3;-1;-0.3;-6.5;-1;-0.4;-9.0;0.0;-5.4;6.9;4.8;0;0.00;0;103;-103.0;0.0;0.0;0.0;-0.045;-2;3;0;100.0
TÓTH Balázs;2022-23;Kecskemét;4;7;1.8;0;0.0;-0.8;0;0.0;-0.8;0.0;-2.4;19.8;17.8;1;0.23;45;120;-74.3;0.0;0.0;0.0;-0.285;-4;2;2;50.0
GERA Ferenc;2023-24;Kecskemét;2;7;3.5;1;0.4;6.4;1;0.6;8.9;1.5;8.7;6.4;6.0;2;1.00;250;131;118.8;0.0;0.0;0.0;0.191;4;1;1;50.0
ANGYAL Medárd;2023-24;NKA Pécs;2;7;3.5;2;0.8;11.6;2;1.1;16.0;1.5;10.3;12.6;10.5;2;0.52;104;122;-18.1;0.0;0.0;0.0;-0.001;1;0;2;0.0
KAZY Balázs;2023-24;NKA Pécs;3;7;2.3;2;0.5;12.1;2;0.7;16.7;1.0;9.5;19.1;17.3;2;0.27;82;89;-7.1;0.0;0.0;0.0;0.077;2;2;1;66.7
RAVASZ Márk;2024-25;PVSK;2;7;3.4;-1;-0.4;-6.5;-1;-0.6;-8.9;0.0;-5.6;7.0;5.8;0;0.00;0;152;-151.6;0.0;0.0;-0.1;-0.337;-6;0;2;0.0
KOVÁCS Áron;2024-25;ZTE;8;7;0.9;1;0.2;10.2;2;0.2;13.9;0.3;9.6;13.0;14.3;2;0.49;101;123;-21.7;0.0;0.0;0.0;-0.019;1;4;4;50.0
TAKÁCS Erik;2022-23;Kecskemét;3;6;2.0;1;0.3;7.4;1;0.4;10.2;0.7;10.0;16.6;12.9;2;0.47;140;131;8.7;0.0;0.0;0.0;0.073;2;1;2;33.3
LENDVAY Bence;2024-25;Bp. Honvéd;2;6;2.9;2;0.8;15.4;2;1.1;21.2;1.0;12.6;25.3;20.3;2;0.37;74;87;-13.0;0.0;0.0;0.0;0.025;2;1;1;50.0
GYIMES Áron;2024-25;ZTE;3;6;1.8;0;0.0;0.0;0;0.0;0.0;0.0;-1.2;8.4;9.0;1;0.31;70;113;-43.0;0.0;0.0;0.0;-0.039;0;3;0;100.0
HEGEDÜS Brúnó;2022-23;DEAC;1;5;5.0;3;3.0;33.0;4;4.1;45.2;5.0;29.1;18.9;20.0;2;0.63;131;97;33.5;0.0;0.0;0.0;0.290;5;0;1;0.0
TÓTH Gergő;2022-23;NYBS;4;5;1.3;2;0.4;19.5;2;0.6;26.3;0.5;18.7;18.8;17.9;2;0.60;123;129;-5.7;0.0;0.0;0.0;0.055;2;0;4;0.0
KELLER Bendegúz;2022-23;Sopron;2;5;2.5;1;0.7;14.8;2;0.9;20.5;1.0;12.0;19.9;16.1;1;0.50;100;122;-21.4;0.0;0.0;0.0;-0.019;1;1;1;50.0
BELLA Ádám;2022-23;Szedeák;2;5;2.5;0;-0.2;-4.4;-1;-0.3;-5.5;0.0;-2.4;0.0;0.0;0;0.00;0;129;-129.2;0.0;0.0;0.0;-0.055;-1;0;2;0.0
KARDA Dominik;2023-24;Bp. Honvéd;3;5;1.7;0;-0.1;-4.4;-1;-0.2;-5.6;0.0;-2.4;0.0;0.0;0;0.00;0;118;-118.2;0.0;0.0;0.0;0.021;0;1;2;33.3
CSIZMADIA Attila;2023-24;DEAC;2;5;2.5;0;0.2;3.4;0;0.2;4.5;0.5;3.4;0.0;0.0;0;0.00;0;106;-105.7;0.0;0.0;0.0;0.090;1;1;1;50.0
CZERMANN Máté;2023-24;Oroszlány;3;5;1.7;0;-0.1;-4.1;-1;-0.2;-5.2;0.0;-4.5;9.4;8.1;0;0.00;0;115;-114.8;0.0;0.0;0.0;-0.192;-2;1;2;33.3
MOKÁNSZKI Milán;2023-24;Szedeák;4;5;1.3;0;0.1;3.0;0;0.1;4.0;0.3;-0.5;25.1;24.0;2;0.30;76;118;-41.4;0.0;0.0;0.0;-0.160;-1;3;1;75.0
POLÁNYI Kristóf;2023-24;Szedeák;1;5;5.0;-1;-1.2;-12.2;-2;-1.6;-16.3;0.0;-6.5;0.0;0.0;0;0.00;0;124;-124.4;0.0;0.0;0.0;-0.013;-1;0;1;0.0
PÁRKÁNYI Máté;2024-25;Alba Fehérvár;3;5;1.6;0;0.1;3.2;0;0.1;4.2;0.3;3.0;0.0;0.0;0;0.00;0;117;-117.4;0.0;0.0;0.0;0.020;0;2;1;66.7
KARDA Dominik;2024-25;Bp. Honvéd;2;5;2.4;0;-0.2;-3.5;0;-0.2;-4.7;0.0;-4.9;10.1;14.3;0;0.18;41;116;-75.2;0.0;0.0;0.0;-0.222;-3;1;1;50.0
CZERMANN Máté;2024-25;Oroszlány;3;5;1.6;1;0.2;8.2;1;0.3;10.5;0.3;8.8;0.0;0.0;0;0.00;0;117;-117.2;0.0;0.0;0.0;0.021;1;1;2;33.3
HŐGYE Patrik;2022-23;DEAC;2;4;2.0;0;0.2;4.1;0;0.2;5.5;0.5;7.1;0.0;0.0;0;0.00;0;93;-92.9;0.0;0.0;0.0;0.150;2;1;1;50.0
CSORNAI Csaba;2022-23;Szedeák;3;4;1.3;-1;-0.4;-15.8;-2;-0.5;-21.6;-0.3;-13.8;12.5;9.4;0;0.00;0;118;-117.9;0.0;0.0;0.0;-0.260;-3;2;1;66.7
TÓTH Barnabás;2023-24;ZTE;1;4;4.0;0;0.0;0.0;0;0.0;0.0;0.0;0.0;11.9;15.8;1;0.28;63;144;-80.9;0.0;0.0;0.0;-0.299;-3;0;1;0.0
NÉMETH Bálint;2024-25;Falco KC;3;4;1.4;1;0.2;8.2;1;0.3;10.9;0.3;7.3;22.9;18.0;1;0.53;105;109;-3.9;0.0;0.0;0.0;0.077;1;3;0;100.0
GERÖLY Márton;2024-25;Körmend;2;4;1.8;-1;-0.7;-20.4;-2;-1.0;-27.7;-1.0;-22.0;25.4;20.2;0;0.00;0;132;-132.4;-0.1;0.0;-0.1;-0.645;-7;1;1;50.0
SZITA Márton;2024-25;NKA Pécs;2;4;2.2;-1;-0.4;-8.7;-1;-0.5;-11.2;-0.5;-9.4;10.9;9.1;0;0.00;0;134;-133.7;0.0;0.0;0.0;-0.333;-4;0;2;0.0
RÉDEI Péter;2022-23;Bp. Honvéd;2;3;1.5;-2;-0.9;-32.4;-2;-1.2;-43.9;-1.0;-33.8;34.3;33.8;0;0.00;0;141;-141.1;-0.1;0.0;-0.1;-1.093;-9;0;2;0.0
TÓTH Patrik;2022-23;Kecskemét;2;3;1.5;0;-0.2;-7.5;-1;-0.3;-9.4;0.0;-4.2;0.0;0.0;0;0.00;0;129;-129.4;0.0;0.0;0.0;-0.056;-1;1;1;50.0
YAKE Matthew;2023-24;Kaposvár;1;3;3.0;-1;-0.7;-12.0;-1;-1.0;-17.1;-1.0;-12.5;15.5;14.3;0;0.00;0;131;-131.3;0.0;0.0;0.0;-0.461;-3;0;1;0.0
GERENCSÉR Botond;2023-24;ZTE;1;3;3.0;0;0.3;5.2;0;0.4;6.9;0.0;5.1;15.8;15.2;0;0.00;0;103;-103.5;0.0;0.0;0.0;-0.334;-2;0;1;0.0
OSZTOICS Milán;2024-25;Alba Fehérvár;2;3;1.3;0;0.2;6.3;0;0.2;8.4;0.5;6.1;0.0;0.0;0;0.00;0;118;-117.5;0.0;0.0;0.0;0.019;0;1;1;50.0
SIMON Dávid;2024-25;Alba Fehérvár;2;3;1.5;3;1.4;49.0;4;1.8;65.3;1.5;46.7;16.1;8.9;1;1.00;200;86;114.0;0.0;0.0;0.0;0.436;6;2;0;100.0
SZILÁGYI Péter;2024-25;DEAC;1;3;3.1;-1;-0.8;-12.4;-1;-1.1;-17.1;0.0;-10.7;13.5;11.0;0;0.00;0;104;-104.0;0.0;0.0;0.0;-0.222;-2;1;0;100.0
HANSEN Dániel;2024-25;Falco KC;1;3;2.7;0;-0.4;-7.7;-1;-0.5;-9.6;0.0;-6.7;16.0;17.4;1;0.29;63;92;-28.3;0.0;0.0;0.0;-0.029;-1;1;0;100.0
KOVÁCS Áron;2024-25;Sopron;2;3;1.3;0;-0.2;-8.0;-1;-0.3;-9.9;0.0;-9.3;33.7;26.4;0;0.00;0;88;-88.3;0.0;0.0;0.0;-0.576;-3;2;0;100.0
MÉSZÁROS Ágoston;2024-25;ZTE;1;3;3.4;0;0.3;4.4;0;0.4;5.9;1.0;-1.1;38.4;35.8;2;0.31;77;105;-28.3;0.0;0.0;0.0;-0.173;-1;1;0;100.0
COHILL Eric;2022-23;Bp. Honvéd;1;2;2.0;1;1.3;37.3;2;1.8;51.6;2.0;33.7;48.5;32.8;1;0.38;76;97;-20.8;0.0;0.0;0.0;-0.111;1;0;1;0.0
FEHÉRVÁRI Csegő;2022-23;Kaposvár;1;2;2.0;0;0.0;0.0;0;0.0;0.0;0.0;0.0;0.0;0.0;0;0.00;0;107;-107.2;0.0;0.0;0.0;0.069;0;1;0;100.0
YAKE Matthew;2022-23;Kaposvár;1;2;2.0;-2;-1.7;-45.7;-2;-2.3;-61.8;-2.0;-47.7;47.8;46.4;0;0.00;0;107;-107.2;-0.1;0.0;-0.1;-1.264;-7;1;0;100.0
VELKEY Géza;2022-23;Kecskemét;1;2;2.0;-1;-1.4;-39.4;-2;-1.9;-53.5;-2.0;-41.7;45.0;34.9;0;0.00;0;142;-142.4;-0.1;0.0;-0.1;-1.134;-5;0;1;0.0
NAGY Péter;2022-23;Körmend;1;2;2.0;-1;-1.1;-30.3;-2;-1.5;-41.3;-1.0;-26.5;24.6;21.3;0;0.00;0;97;-96.8;0.0;0.0;0.0;-0.484;-3;1;0;100.0
MAJOR Bulcsú;2023-24;Bp. Honvéd;2;2;1.0;0;0.0;0.0;0;0.0;0.0;0.0;0.0;0.0;0.0;0;0.00;0;113;-112.7;0.0;0.0;0.0;0.052;0;1;1;50.0
HIBJÁN Máté;2023-24;DEAC;1;2;2.0;-1;-0.7;-20.5;-1;-1.0;-29.3;-1.0;-21.5;26.1;23.2;0;0.00;0;137;-136.9;0.0;0.0;0.0;-0.751;-3;0;1;0.0
KELLER Bendegúz;2023-24;Sopron;1;2;2.0;-1;-0.7;-20.7;-1;-1.0;-29.5;-1.0;-21.6;25.5;19.3;0;0.00;0;99;-99.4;0.0;0.0;0.0;-0.429;-3;1;0;100.0
BELLA Ádám;2023-24;Szedeák;1;2;2.0;1;1.0;24.1;1;1.4;33.7;1.0;24.9;0.0;0.0;0;0.00;0;57;-56.9;0.0;0.0;0.0;0.361;2;1;0;100.0
CSORNAI Csaba;2023-24;Szedeák;1;2;2.0;0;0.3;7.7;0;0.4;10.2;1.0;7.6;0.0;0.0;0;0.00;0;112;-111.6;0.0;0.0;0.0;0.058;1;1;0;100.0
SZEMERÉDI Levente;2024-25;Kecskemét;1;2;1.9;-1;-1.4;-40.0;-2;-1.9;-54.3;-1.0;-36.2;26.1;28.6;0;0.00;0;142;-141.9;0.0;0.0;0.0;-0.940;-5;0;1;0.0
MUCHA Bertalan;2024-25;NKA Pécs;1;2;2.4;-2;-1.7;-36.6;-2;-2.3;-49.5;-2.0;-38.6;38.1;35.9;0;0.00;0;103;-102.9;-0.1;0.0;-0.1;-0.930;-7;1;0;100.0
OSZTOICS Milán;2022-23;Alba Fehérvár;1;1;1.0;2;1.7;97.7;2;2.3;132.2;2.0;80.3;50.9;214.6;7;1.00;200;99;100.6;0.1;0.0;0.2;6.079;15;1;0;100.0
KUPAI László;2022-23;Atomerőmű SE;1;1;1.0;2;2.0;113.6;3;2.7;153.4;3.0;94.9;45.2;41.9;2;1.00;250;113;136.8;0.0;0.0;0.0;1.796;5;1;0;100.0
GADÁCSI Dávid;2022-23;Sopron;1;1;1.0;0;0.0;0.0;0;0.0;0.0;0.0;0.0;0.0;0.0;0;0.00;0;130;-130.1;0.0;0.0;0.0;-0.060;0;1;0;100.0
MAKKOS Dávid;2022-23;ZTE;1;1;1.0;-1;-1.0;-58.1;-1;-1.4;-81.4;-1.0;-60.1;49.1;58.1;0;0.00;0;118;-117.9;0.0;0.0;0.0;-1.661;-5;1;0;100.0
OSZTOICS Milán;2023-24;Alba Fehérvár;1;1;1.0;0;0.0;0.0;0;0.0;0.0;0.0;0.0;0.0;0.0;0;0.00;0;105;-104.6;0.0;0.0;0.0;0.097;0;1;0;100.0
NÉMETH Bálint;2023-24;Falco KC;1;1;1.0;0;-0.4;-20.5;-1;-0.5;-25.6;0.0;-10.9;0.0;0.0;0;0.00;0;106;-105.9;0.0;0.0;0.0;0.089;0;1;0;100.0
KRISTYÁK Viktor;2023-24;Oroszlány;1;1;1.0;0;0.0;0.0;0;0.0;0.0;0.0;0.0;0.0;0.0;0;0.00;0;128;-127.5;0.0;0.0;0.0;-0.030;0;0;1;0.0
BŐSZE Gergő;2023-24;Sopron;1;1;1.0;0;0.0;0.0;0;0.0;0.0;0.0;0.0;0.0;0.0;0;0.00;0;118;-117.6;0.0;0.0;0.0;0.025;0;0;1;0.0
KRISTYÁK Viktor;2024-25;Oroszlány;1;1;0.7;0;0.0;0.0;0;0.0;0.0;0.0;0.0;0.0;0.0;0;0.00;0;96;-95.7;0.0;0.0;0.0;0.141;0;1;0;100.0
KÖRTVÉLYESSY András;2024-25;Szedeák;1;1;1.1;0;0.0;0.0;0;0.0;0.0;0.0;0.0;0.0;0.0;0;0.00;0;127;-126.8;0.0;0.0;0.0;-0.033;0;0;1;0.0
PAPP Botond;2024-25;Szedeák;1;1;1.2;3;2.7;139.9;4;3.6;186.5;3.0;117.6;45.6;74.8;4;1.00;300;119;181.0;0.1;0.0;0.1;4.116;14;0;1;0.0